地區,區域,屋苑,屋苑英文,落成年份,成交宗數,中位呎價,中位售價,最細面積,最大面積,細節連結
中西區,港島,寶翠園 2期,The Belchers Phase 2,2001,9,25164,26500000,762,1160,https://hk.centanet.com/findproperty/transaction-detail/寶翠園-2期_26072001700092
中西區,港島,寶翠園 1期,The Belchers Phase 1,2000,6,26382,19775000,664,1447,https://hk.centanet.com/findproperty/transaction-detail/寶翠園-1期_26072300100305
中西區,港島,翰林峰,Novum West,2019,6,30000,8015000,224,540,https://hk.centanet.com/findproperty/transaction-detail/翰林峰_26072201890023
中西區,港島,泓都,The Merton,2004,5,23274,12000000,471,660,https://hk.centanet.com/findproperty/transaction-detail/泓都_SMM202607S0449
中西區,港島,聚賢居,Centre Stage,2006,4,23702,11925000,443,910,https://hk.centanet.com/findproperty/transaction-detail/聚賢居_26072100270074
中西區,港島,Kennedy 38,Kennedy 38,2022,4,29804,7800000,229,298,https://hk.centanet.com/findproperty/transaction-detail/Kennedy-38_26071601110339
中西區,港島,君德閣,Conduit Tower,1992,4,20408,13000000,567,705,https://hk.centanet.com/findproperty/transaction-detail/君德閣_26071301420015
中西區,港島,地利根德閣,Tregunter,1981,3,26217,62000000,1602,2559,https://hk.centanet.com/findproperty/transaction-detail/地利根德閣_26072300990066
中西區,港島,Caine Hill,Caine Hill,2023,3,26259,6880000,191,278,https://hk.centanet.com/findproperty/transaction-detail/Caine-Hill_26072201410074
中西區,港島,帝后華庭,Queen's Terrace,2003,3,20435,10380000,322,518,https://hk.centanet.com/findproperty/transaction-detail/帝后華庭_26072202100143
中西區,港島,樂信臺,Robinson Heights,1989,3,19396,14780000,746,813,https://hk.centanet.com/findproperty/transaction-detail/樂信臺_26072100920046
中西區,港島,雍翠臺,Grandview Garden,1994,3,18519,7000000,376,378,https://hk.centanet.com/findproperty/transaction-detail/雍翠臺_26072101590070
中西區,港島,同興樓,Tung Hing Mansion,1966,3,8489,4550000,417,540,https://hk.centanet.com/findproperty/transaction-detail/同興樓_26072001010015
中西區,港島,均益大廈 1期,Kwan Yick Building Phase 1,1974,3,10541,3260000,269,370,https://hk.centanet.com/findproperty/transaction-detail/均益大廈-1期_26071500270110
中西區,港島,翡翠閣,Jade Court,1981,3,14696,4180000,240,313,https://hk.centanet.com/findproperty/transaction-detail/翡翠閣_26071500660163
中西區,港島,聯邦花園,Realty Gardens,1972,3,16295,19000000,1166,1166,https://hk.centanet.com/findproperty/transaction-detail/聯邦花園_26071501510010
中西區,港島,薄扶林道63號,No. 63 Pok Fu Lam Road,2020,3,26794,6180000,209,310,https://hk.centanet.com/findproperty/transaction-detail/薄扶林道63號_26071000170404
中西區,港島,海都樓,Hoi Tao Building,1966,3,9921,3000000,252,374,https://hk.centanet.com/findproperty/transaction-detail/海都樓_26071000720095
中西區,港島,豫苑,Euston Court,1989,3,15673,9200000,587,790,https://hk.centanet.com/findproperty/transaction-detail/豫苑_26070801390011
中西區,港島,南雄大廈,Nam Hung Mansion,1974,3,10718,4400000,362,413,https://hk.centanet.com/findproperty/transaction-detail/南雄大廈_26070802080068
中西區,港島,嘉兆臺,The Grand Panorama,1995,3,20967,20380000,812,972,https://hk.centanet.com/findproperty/transaction-detail/嘉兆臺_26070300430011
中西區,港島,中源中心,Midland Centre,1980,2,13948,3975000,285,285,https://hk.centanet.com/findproperty/transaction-detail/中源中心_SYP202607S0192
中西區,港島,禮順苑,Losion Villa,1991,2,14532,6830000,470,470,https://hk.centanet.com/findproperty/transaction-detail/禮順苑_AAA202607S0215
中西區,港島,真光大廈,True Light Building,1977,2,11751,4900000,417,417,https://hk.centanet.com/findproperty/transaction-detail/真光大廈_26072301400207
中西區,港島,堅城中心,Kennedy Town Centre,1994,2,17870,9040000,477,536,https://hk.centanet.com/findproperty/transaction-detail/堅城中心_26072301600024
中西區,港島,美新樓,Mei Sun Lau,1980,2,10544,4080000,366,414,https://hk.centanet.com/findproperty/transaction-detail/美新樓_26072301940310
中西區,港島,應彪大廈,Ying Piu Mansion,1996,2,19649,7938000,404,404,https://hk.centanet.com/findproperty/transaction-detail/應彪大廈_26072200260120
中西區,港島,康威花園,Hongway Garden,1987,2,13684,5200000,380,380,https://hk.centanet.com/findproperty/transaction-detail/康威花園_26072201380116
中西區,港島,益豐花園,Yick Fung Garden,1993,2,18686,8200000,405,465,https://hk.centanet.com/findproperty/transaction-detail/益豐花園_26072101590068
中西區,港島,豐裕大廈,Fung Yu Building,1980,2,14242,4050000,272,299,https://hk.centanet.com/findproperty/transaction-detail/豐裕大廈_26072101790037
中西區,港島,聯德新樓,Luen Tak Apartments,1966,2,9808,4140000,415,429,https://hk.centanet.com/findproperty/transaction-detail/聯德新樓_26072000130091
中西區,港島,龍暉花園,Dragonfair Garden,1992,2,17722,6800000,307,465,https://hk.centanet.com/findproperty/transaction-detail/龍暉花園_26072001380035
中西區,港島,聯威新樓,Luen Wai Apartment,1971,2,10204,3990000,391,391,https://hk.centanet.com/findproperty/transaction-detail/聯威新樓_26071700200089
中西區,港島,La Hacienda,La Hacienda,1949,2,31956,85400000,2549,2756,https://hk.centanet.com/findproperty/transaction-detail/La-Hacienda_26071700780042
中西區,港島,美菲閣,Smithfield Court,1985,2,15241,6455000,353,489,https://hk.centanet.com/findproperty/transaction-detail/美菲閣_26071701870014
中西區,港島,學士臺,Academic Terrace,1989,2,15593,8280000,531,531,https://hk.centanet.com/findproperty/transaction-detail/學士臺_26071701870027
中西區,港島,嘉寶大廈,Carbo Mansion,1988,2,13126,3975000,281,328,https://hk.centanet.com/findproperty/transaction-detail/嘉寶大廈_26071702190037
中西區,港島,Ava 128,Ava 128,2016,2,21180,3770000,178,178,https://hk.centanet.com/findproperty/transaction-detail/Ava-128_26071601430035
中西區,港島,慧豪閣,Vantage Park,1994,2,22704,13730000,447,748,https://hk.centanet.com/findproperty/transaction-detail/慧豪閣_26071500660159
中西區,港島,永華大廈,Wing Wah Mansion,1962,2,8652,3984000,457,464,https://hk.centanet.com/findproperty/transaction-detail/永華大廈_26071400900060
中西區,港島,雍景臺,Robinson Place,1994,2,18832,18360000,893,1052,https://hk.centanet.com/findproperty/transaction-detail/雍景臺_26071300810092
中西區,港島,禮賢閣,Rhine Court,1975,2,13514,13340000,970,1008,https://hk.centanet.com/findproperty/transaction-detail/禮賢閣_26071000980059
中西區,港島,高雅大廈,Goa Building,1981,2,12400,4155000,333,337,https://hk.centanet.com/findproperty/transaction-detail/高雅大廈_26070901680172
中西區,港島,帝景園,Dynasty Court,1991,2,43596,72150000,1513,1806,https://hk.centanet.com/findproperty/transaction-detail/帝景園_26070800700032
中西區,港島,Imperial Kennedy,Imperial Kennedy,2016,2,23975,19150000,622,990,https://hk.centanet.com/findproperty/transaction-detail/Imperial-Kennedy_26070802010233
中西區,港島,五福大廈,New Fortune House,1973,2,13967,7160000,495,525,https://hk.centanet.com/findproperty/transaction-detail/五福大廈_26070700630016
中西區,港島,匡景居,Dawning Height,2000,2,20048,8324000,351,498,https://hk.centanet.com/findproperty/transaction-detail/匡景居_26070701680089
中西區,港島,騰皇居 II,Tavistock II,1999,2,30530,39140000,1282,1282,https://hk.centanet.com/findproperty/transaction-detail/騰皇居-II_HOP202606S0811
中西區,港島,豪華大廈,Hoover Mansion,1964,2,13338,18100000,1357,1357,https://hk.centanet.com/findproperty/transaction-detail/豪華大廈_26070600570027
中西區,港島,輝煌臺,Fairview Height,1996,2,18634,6615000,355,355,https://hk.centanet.com/findproperty/transaction-detail/輝煌臺_26070600870023
中西區,港島,浚峯,The Hudson,2016,2,24156,12140000,464,547,https://hk.centanet.com/findproperty/transaction-detail/浚峯_26070201030053
中西區,港島,嘉景臺,Corona Tower,1990,2,15059,8640000,436,700,https://hk.centanet.com/findproperty/transaction-detail/嘉景臺_26063000220228
中西區,港島,均益大廈 2期,Kwan Yick Building Phase 2,1977,2,10866,4390000,404,404,https://hk.centanet.com/findproperty/transaction-detail/均益大廈-2期_26063000900342
中西區,港島,嘉咸街33號,33 Graham Street,1959,2,12142,5500000,453,453,https://hk.centanet.com/findproperty/transaction-detail/嘉咸街33號_26063002280194
中西區,港島,青蓮臺1-3號,1-3 Ching Lin Terrace,1979,1,10000,2600000,260,260,https://hk.centanet.com/findproperty/transaction-detail/青蓮臺1-3號_MR3202607S0247
中西區,港島,福熙苑,Floral Tower,1992,1,17674,6080000,344,344,https://hk.centanet.com/findproperty/transaction-detail/福熙苑_TGP202607S0217
中西區,港島,澤安閣,Chester Court,1987,1,14893,7268000,488,488,https://hk.centanet.com/findproperty/transaction-detail/澤安閣_26072300110038
中西區,港島,學林雅軒,Hilary Court,2001,1,18209,12000000,659,659,https://hk.centanet.com/findproperty/transaction-detail/學林雅軒_26072300230090
中西區,港島,恆輝大廈,Hang Fai Building,1972,1,10524,5220000,496,496,https://hk.centanet.com/findproperty/transaction-detail/恆輝大廈_26072300990047
中西區,港島,寶時大廈,Peace Tower,1980,1,16269,7500000,461,461,https://hk.centanet.com/findproperty/transaction-detail/寶時大廈_26072301100233
中西區,港島,藝里坊．1號,One．Artlane,2019,1,23938,6200000,259,259,https://hk.centanet.com/findproperty/transaction-detail/藝里坊．1號_26072301790010
中西區,港島,華冠大廈,Wah Koon Building,1978,1,14615,3800000,260,260,https://hk.centanet.com/findproperty/transaction-detail/華冠大廈_26072202020152
中西區,港島,尼斯花園,Nice Garden,1992,1,14544,7650000,526,526,https://hk.centanet.com/findproperty/transaction-detail/尼斯花園_26072202160018
中西區,港島,新安大樓,Sun On Building,1965,1,9045,3600000,398,398,https://hk.centanet.com/findproperty/transaction-detail/新安大樓_26072202230127
中西區,港島,吉喆,The Highline,2025,1,22653,6660000,294,294,https://hk.centanet.com/findproperty/transaction-detail/吉喆_SYA202607S0166
中西區,港島,鳳凰閣,Phoenix Court,1977,1,12240,11200000,915,915,https://hk.centanet.com/findproperty/transaction-detail/鳳凰閣_26072100330199
中西區,港島,殷樺花園,Blessings Garden,1995,1,18735,16000000,854,854,https://hk.centanet.com/findproperty/transaction-detail/殷樺花園_26072100400098
中西區,港島,文華大廈,Minerva House,1959,1,15056,14800000,983,983,https://hk.centanet.com/findproperty/transaction-detail/文華大廈_26072101410024
中西區,港島,金碧閣,Cimbria Court,1997,1,15964,10600000,664,664,https://hk.centanet.com/findproperty/transaction-detail/金碧閣_26072101660020
中西區,港島,金谷大廈,Golden Valley Mansion,1973,1,11620,7100000,611,611,https://hk.centanet.com/findproperty/transaction-detail/金谷大廈_26072101730019
中西區,港島,磅巷4號,4 Pound Lane,1975,1,9585,2310000,241,241,https://hk.centanet.com/findproperty/transaction-detail/磅巷4號_26072101790043
中西區,港島,萬林閣,Manifold Court,1980,1,13911,5300000,381,381,https://hk.centanet.com/findproperty/transaction-detail/萬林閣_26072102140661
中西區,港島,西園,Western Garden,1982,1,12527,5800000,463,463,https://hk.centanet.com/findproperty/transaction-detail/西園_26072000780027
中西區,港島,尚瓏,The Queens,2022,1,30070,12960000,431,431,https://hk.centanet.com/findproperty/transaction-detail/尚瓏_26072001200032
中西區,港島,聚賢逸居,Westview Height,2000,1,16602,4300000,259,259,https://hk.centanet.com/findproperty/transaction-detail/聚賢逸居_26072001380047
中西區,港島,翠荷苑,Jade Lotus Garden,1995,1,12364,4080000,330,330,https://hk.centanet.com/findproperty/transaction-detail/翠荷苑_26072001380068
中西區,港島,恆裕大廈,Hang (Han) Yu Building,1980,1,15282,2980000,195,195,https://hk.centanet.com/findproperty/transaction-detail/恆裕大廈_26072001380070
中西區,港島,南里壹號,One South Lane,2016,1,25755,5460000,212,212,https://hk.centanet.com/findproperty/transaction-detail/南里壹號_26072001680019
中西區,港島,蔚巒閣,Peaksville,1993,1,19632,12800000,652,652,https://hk.centanet.com/findproperty/transaction-detail/蔚巒閣_HRS4202607S0035
中西區,港島,西寧閣,Serene Court,1990,1,15081,5580000,370,370,https://hk.centanet.com/findproperty/transaction-detail/西寧閣_PB4202607S0087
中西區,港島,百輝大廈,Pak Fai Mansion,1960,1,12645,8700000,688,688,https://hk.centanet.com/findproperty/transaction-detail/百輝大廈_26071700310158
中西區,港島,大新閣,Sun Court,1979,1,15205,8880000,584,584,https://hk.centanet.com/findproperty/transaction-detail/大新閣_26071700570040
中西區,港島,裕豐花園,Richsun Garden,1999,1,16529,4000000,242,242,https://hk.centanet.com/findproperty/transaction-detail/裕豐花園_26071700790074
中西區,港島,曉山閣,Hill Court,1995,1,16201,5330000,329,329,https://hk.centanet.com/findproperty/transaction-detail/曉山閣_26071701240031
中西區,港島,青蓮閣,Ching Lin Court,1990,1,11111,3600000,324,324,https://hk.centanet.com/findproperty/transaction-detail/青蓮閣_26071701240101
中西區,港島,昭景大廈,Fairview Mansion,1971,1,18337,44100000,2405,2405,https://hk.centanet.com/findproperty/transaction-detail/昭景大廈_26071701340013
中西區,港島,俊陞華庭,Elite's Place,2003,1,17857,11000000,616,616,https://hk.centanet.com/findproperty/transaction-detail/俊陞華庭_26071701420132
中西區,港島,滿峰台,Monticello,1969,1,16234,20000000,1232,1232,https://hk.centanet.com/findproperty/transaction-detail/滿峰台_RE1202606S0940
中西區,港島,富裕大廈,Wealth Building,1978,1,12702,5500000,433,433,https://hk.centanet.com/findproperty/transaction-detail/富裕大廈_26071600120444
中西區,港島,高雲臺,Goldwin Heights,1994,1,17332,13900000,802,802,https://hk.centanet.com/findproperty/transaction-detail/高雲臺_26071600120503
中西區,港島,聯發新樓,Luen Fat Apartments,1966,1,9277,3980000,429,429,https://hk.centanet.com/findproperty/transaction-detail/聯發新樓_26071600141176
中西區,港島,華輝大廈,Wah Fai House,1977,1,11795,5060000,429,429,https://hk.centanet.com/findproperty/transaction-detail/華輝大廈_26071600670016
中西區,港島,萬和閣,Harmony Court,1994,1,13678,9000000,658,658,https://hk.centanet.com/findproperty/transaction-detail/萬和閣_26071600700013
中西區,港島,普頓臺,Princeton Tower,2003,1,18405,9000000,489,489,https://hk.centanet.com/findproperty/transaction-detail/普頓臺_26071601070030
中西區,港島,樂欣大廈,Ryan Mansion,1986,1,17017,4050000,238,238,https://hk.centanet.com/findproperty/transaction-detail/樂欣大廈_26071601080014
中西區,港島,高宏閣,Ko Wang Court,1985,1,14130,3900000,276,276,https://hk.centanet.com/findproperty/transaction-detail/高宏閣_26071601110263
中西區,港島,衛城閣,Windsor Court,1993,1,17297,4480000,259,259,https://hk.centanet.com/findproperty/transaction-detail/衛城閣_26071601430023
中西區,港島,御花園,Regent On The Park,1985,1,27027,56000000,2072,2072,https://hk.centanet.com/findproperty/transaction-detail/御花園_26071602150015
中西區,港島,威利大廈,Wilmer Building,1973,1,10942,3600000,329,329,https://hk.centanet.com/findproperty/transaction-detail/威利大廈_26071500140012
中西區,港島,高雋閣,Ko Chun Court,1997,1,17529,12200000,696,696,https://hk.centanet.com/findproperty/transaction-detail/高雋閣_26071500330071
中西區,港島,蔚庭軒,Wilton Place,1997,1,20690,6000000,290,290,https://hk.centanet.com/findproperty/transaction-detail/蔚庭軒_26071500960108
中西區,港島,寶雲閣,Bowen Place,1989,1,31313,46500000,1485,1485,https://hk.centanet.com/findproperty/transaction-detail/寶雲閣_26071501200033
中西區,港島,尚逸,Des Voeux W Residence,2026,1,26154,7480000,286,286,https://hk.centanet.com/findproperty/transaction-detail/尚逸_SYA202607S0002
中西區,港島,屈地大廈,Whitty Street Court,1963,1,7869,4100000,521,521,https://hk.centanet.com/findproperty/transaction-detail/屈地大廈_26071400090029
中西區,港島,邦暉大樓,Pong Fai Building,1971,1,12698,4000000,315,315,https://hk.centanet.com/findproperty/transaction-detail/邦暉大樓_26071400170061
中西區,港島,西浦,Soho 189,2012,1,23466,13000000,554,554,https://hk.centanet.com/findproperty/transaction-detail/西浦_26071400300241
中西區,港島,Kensington Hill,Kensington Hill,2016,1,27357,56000000,2047,2047,https://hk.centanet.com/findproperty/transaction-detail/Kensington-Hill_26071401150146
中西區,港島,海外信託銀行大廈,Overseas Trust Bank Building,1969,1,9031,4380000,485,485,https://hk.centanet.com/findproperty/transaction-detail/海外信託銀行大廈_26071401500016
中西區,港島,百麗花園,Bel Mount Garden,1993,1,16634,8500000,511,511,https://hk.centanet.com/findproperty/transaction-detail/百麗花園_26071401600160
中西區,港島,嘉輝花園,Smithfield Terrace,1986,1,17082,4800000,281,281,https://hk.centanet.com/findproperty/transaction-detail/嘉輝花園_26071402040041
中西區,港島,卿旺大廈,Hing Wong Building,1990,1,19177,7460000,389,389,https://hk.centanet.com/findproperty/transaction-detail/卿旺大廈_26071402060167
中西區,港島,海怡花園,Harbour View Garden,1992,1,19202,7700000,401,401,https://hk.centanet.com/findproperty/transaction-detail/海怡花園_26071300160057
中西區,港島,順暉大廈,Shun Fai Building,1993,1,14861,4800000,323,323,https://hk.centanet.com/findproperty/transaction-detail/順暉大廈_26071300650104
中西區,港島,昌運大廈,Cheong Wan Mansion,1984,1,11532,3990000,346,346,https://hk.centanet.com/findproperty/transaction-detail/昌運大廈_26071300770018
中西區,港島,太生大廈,Tai Sang Building,1981,1,13107,4050000,309,309,https://hk.centanet.com/findproperty/transaction-detail/太生大廈_26071301230032
中西區,港島,帝景閣,The Royal Court,1989,1,28455,31500000,1107,1107,https://hk.centanet.com/findproperty/transaction-detail/帝景閣_26071301400046
中西區,港島,均益大廈 3期,Kwan Yick Building Phase 3,1978,1,10814,4250000,393,393,https://hk.centanet.com/findproperty/transaction-detail/均益大廈-3期_26071301560152
中西區,港島,西邊街15號,No. 15 Western Street,2021,1,25283,5360000,212,212,https://hk.centanet.com/findproperty/transaction-detail/西邊街15號_26071301930167
中西區,港島,富景花園,Scenic Heights,1988,1,20000,12000000,600,600,https://hk.centanet.com/findproperty/transaction-detail/富景花園_26071000060016
中西區,港島,美新大廈,May Sun Building,1964,1,8333,4000000,480,480,https://hk.centanet.com/findproperty/transaction-detail/美新大廈_26071000590013
中西區,港島,峰景大廈,Mountain View Court,1959,1,8159,7000000,858,858,https://hk.centanet.com/findproperty/transaction-detail/峰景大廈_26071000870013
中西區,港島,恆盛樓,Hang Shing Lau,1967,1,9224,3957000,429,429,https://hk.centanet.com/findproperty/transaction-detail/恆盛樓_26071000910045
中西區,港島,寶德臺,Borrett Mansions,1966,1,23683,58000000,2449,2449,https://hk.centanet.com/findproperty/transaction-detail/寶德臺_26071000910095
中西區,港島,萬翠花園,Chatswood Villa,1994,1,17731,9220000,520,520,https://hk.centanet.com/findproperty/transaction-detail/萬翠花園_26071001560020
中西區,港島,興華大廈,Hing Wah Mansion,1963,1,3181,4800000,1509,1509,https://hk.centanet.com/findproperty/transaction-detail/興華大廈_26071001700013
中西區,港島,珍珠閣,Pearl Court,1980,1,12658,5000000,395,395,https://hk.centanet.com/findproperty/transaction-detail/珍珠閣_26071001850011
中西區,港島,昌景閣,Cheong King Court,1985,1,16954,3339999,197,197,https://hk.centanet.com/findproperty/transaction-detail/昌景閣_26071002080382
中西區,港島,嘉豪大廈,Kar Ho Building,1988,1,15194,4300000,283,283,https://hk.centanet.com/findproperty/transaction-detail/嘉豪大廈_26071002090014
中西區,港島,榮華大廈,Winner Building,1972,1,11458,3380000,295,295,https://hk.centanet.com/findproperty/transaction-detail/榮華大廈_26071002210076
中西區,港島,富滿大廈,Fu Moon Building,1986,1,13494,4750000,352,352,https://hk.centanet.com/findproperty/transaction-detail/富滿大廈_26070900130038
中西區,港島,海傍大廈,Sea View Mansion,1979,1,11765,4000000,340,340,https://hk.centanet.com/findproperty/transaction-detail/海傍大廈_26070900130049
中西區,港島,中央大廈,Central Mansion (House),1975,1,10998,6500000,591,591,https://hk.centanet.com/findproperty/transaction-detail/中央大廈_26070900140028
中西區,港島,新威大廈,Sunwise Building,1975,1,13289,4000000,301,301,https://hk.centanet.com/findproperty/transaction-detail/新威大廈_26070900880077
中西區,港島,廣豐台,Kwong Fung Terrace,1993,1,14622,6580000,450,450,https://hk.centanet.com/findproperty/transaction-detail/廣豐台_26070901210038
中西區,港島,皇后大道西300-302號,300-302 Queen's Road West,1977,1,9277,2950000,318,318,https://hk.centanet.com/findproperty/transaction-detail/皇后大道西300-302號_26070901390098
中西區,港島,珀苑,Amber Garden,1981,1,23504,33000000,1404,1404,https://hk.centanet.com/findproperty/transaction-detail/珀苑_26070901500331
中西區,港島,金陵大廈,Kam Ling Court,1963,1,7504,4480000,597,597,https://hk.centanet.com/findproperty/transaction-detail/金陵大廈_26070801230038
中西區,港島,滿發大廈,Full Harvest Building,1984,1,10855,2920000,269,269,https://hk.centanet.com/findproperty/transaction-detail/滿發大廈_26070801460094
中西區,港島,普慶大廈,Po Hing Mansion,1958,1,8041,3900000,485,485,https://hk.centanet.com/findproperty/transaction-detail/普慶大廈_26070801820026
中西區,港島,寶德大廈,Po Tak Mansion,1984,1,15528,5000000,322,322,https://hk.centanet.com/findproperty/transaction-detail/寶德大廈_26070801820030
中西區,港島,萬發大樓,Man Fatt Mansion,1965,1,10651,3600000,338,338,https://hk.centanet.com/findproperty/transaction-detail/萬發大樓_26070801850137
中西區,港島,聯安新樓,Luen On Apartments,1968,1,11031,4600000,417,417,https://hk.centanet.com/findproperty/transaction-detail/聯安新樓_26070801970535
中西區,港島,東邊街九號,No. 9 Eastern Street,2025,1,26280,6570000,250,250,https://hk.centanet.com/findproperty/transaction-detail/東邊街九號_26070801970557
中西區,港島,順昌大廈,Shun Cheong Building,2001,1,13858,4490000,324,324,https://hk.centanet.com/findproperty/transaction-detail/順昌大廈_26070801970562
中西區,港島,高士台,The Summa,2013,1,24517,6350000,259,259,https://hk.centanet.com/findproperty/transaction-detail/高士台_26070700280062
中西區,港島,嘉安大廈,Ka On Building,1988,1,14066,7300000,519,519,https://hk.centanet.com/findproperty/transaction-detail/嘉安大廈_26070700740098
中西區,港島,瑧蓺,Artisan House,2018,1,28000,6048000,216,216,https://hk.centanet.com/findproperty/transaction-detail/瑧蓺_26070701350070
中西區,港島,怡豐閣,Yee Fung Court,1991,1,15262,5250000,344,344,https://hk.centanet.com/findproperty/transaction-detail/怡豐閣_26070701700010
中西區,港島,恆隆銀行西區分行大廈,Hang Lung Bank Western Branch Building,1982,1,11646,2830000,243,243,https://hk.centanet.com/findproperty/transaction-detail/恆隆銀行西區分行大廈_BON202606S0754
中西區,港島,活倫閣,Woodlands Court,1993,1,16446,6200000,377,377,https://hk.centanet.com/findproperty/transaction-detail/活倫閣_RM8202606S0713
中西區,港島,碧翠園,Greenland Gardens,1971,1,10593,8220000,776,776,https://hk.centanet.com/findproperty/transaction-detail/碧翠園_26070601030066
中西區,港島,嘉富臺,Prosperous Height,1995,1,18586,14200000,764,764,https://hk.centanet.com/findproperty/transaction-detail/嘉富臺_26070601580137
中西區,港島,得富大樓,Des Voeux Road West Building,1962,1,8624,4200000,487,487,https://hk.centanet.com/findproperty/transaction-detail/得富大樓_26070601740115
中西區,港島,禮賢樓,Rhenish Mansion,1973,1,16063,12850000,800,800,https://hk.centanet.com/findproperty/transaction-detail/禮賢樓_26070300350043
中西區,港島,利威樓,Lee Wai Building,1974,1,8257,3980000,482,482,https://hk.centanet.com/findproperty/transaction-detail/利威樓_26070300400272
中西區,港島,俊賢花園,Lyttelton Garden,1993,1,22247,20000000,899,899,https://hk.centanet.com/findproperty/transaction-detail/俊賢花園_26070300460023
中西區,港島,太康樓,Tai Hong Building,1994,1,10593,3750000,354,354,https://hk.centanet.com/findproperty/transaction-detail/太康樓_26070300480046
中西區,港島,皇朝閣,Royal Court,1995,1,23504,16500000,702,702,https://hk.centanet.com/findproperty/transaction-detail/皇朝閣_26070301440044
中西區,港島,豪景臺,Rich View Terrace,1992,1,17121,6780000,396,396,https://hk.centanet.com/findproperty/transaction-detail/豪景臺_26070301530016
中西區,港島,毓明閣,Yuk Ming Towers,1991,1,16585,6750000,407,407,https://hk.centanet.com/findproperty/transaction-detail/毓明閣_26070200140170
中西區,港島,偉景閣,Viking Court,1987,1,14815,4000000,270,270,https://hk.centanet.com/findproperty/transaction-detail/偉景閣_26070200360137
中西區,港島,瓊林閣,King's Court,1976,1,14252,8380000,588,588,https://hk.centanet.com/findproperty/transaction-detail/瓊林閣_26070200360167
中西區,港島,添寶閣,Tim Po Court,1993,1,18191,8968000,493,493,https://hk.centanet.com/findproperty/transaction-detail/添寶閣_26070200590117
中西區,港島,嘉慧園,Grenville House,1971,1,29860,100000000,3349,3349,https://hk.centanet.com/findproperty/transaction-detail/嘉慧園_26070200720018
中西區,港島,麗怡大廈,Beaudry Tower,1989,1,17014,7350000,432,432,https://hk.centanet.com/findproperty/transaction-detail/麗怡大廈_26070200790144
中西區,港島,明珠閣,Brilliant Court,1980,1,14109,8000000,567,567,https://hk.centanet.com/findproperty/transaction-detail/明珠閣_26070201050020
中西區,港島,蔚然,Azura,2012,1,39333,62500000,1589,1589,https://hk.centanet.com/findproperty/transaction-detail/蔚然_26070201160064
中西區,港島,皇后街28-30號,28-30 Queen Street,1976,1,10159,3200000,315,315,https://hk.centanet.com/findproperty/transaction-detail/皇后街28-30號_26063000160019
中西區,港島,龍騰閣,Dragonview Court,1989,1,17578,18000000,1024,1024,https://hk.centanet.com/findproperty/transaction-detail/龍騰閣_26063000220196
中西區,港島,荷李活華庭,Hollywood Terrace,1999,1,17073,10500000,615,615,https://hk.centanet.com/findproperty/transaction-detail/荷李活華庭_26063000250193
中西區,港島,第一街75號,75 First Street,1963,1,12179,3800000,312,312,https://hk.centanet.com/findproperty/transaction-detail/第一街75號_26063000270018
中西區,港島,華麗閣,Ivory Court,1964,1,13759,28000000,2035,2035,https://hk.centanet.com/findproperty/transaction-detail/華麗閣_26063000680016
中西區,港島,康和大廈,Cordial Mansion,1973,1,10938,10500000,960,960,https://hk.centanet.com/findproperty/transaction-detail/康和大廈_26063000830011
中西區,港島,恆陞大樓,Hang Sing Mansion,1972,1,10222,4600000,450,450,https://hk.centanet.com/findproperty/transaction-detail/恆陞大樓_26063001170010
中西區,港島,山市樓,Sands House,1973,1,12382,3950000,319,319,https://hk.centanet.com/findproperty/transaction-detail/山市樓_26063001470282
中西區,港島,冠華大廈,Koon Wah Building,1976,1,11829,3880000,328,328,https://hk.centanet.com/findproperty/transaction-detail/冠華大廈_26063001830013
中西區,港島,怡富閣,Rich Court,1985,1,16399,5100000,311,311,https://hk.centanet.com/findproperty/transaction-detail/怡富閣_26063001870031
中西區,港島,惠德大廈,Wai Tak Building,1968,1,9646,3000000,311,311,https://hk.centanet.com/findproperty/transaction-detail/惠德大廈_26063002190021
中西區,港島,瓊峰臺,Kingsford Height,1990,1,17108,18100000,1058,1058,https://hk.centanet.com/findproperty/transaction-detail/瓊峰臺_26063002320050
中西區,港島,峰景,Hong Villa,1988,1,39259,125000000,3184,3184,https://hk.centanet.com/findproperty/transaction-detail/峰景_26063002320063
中西區,港島,寶雲山莊,Fairlane Tower,1998,1,24332,21388000,879,879,https://hk.centanet.com/findproperty/transaction-detail/寶雲山莊_26063002470076
中西區,港島,華輝閣,Wah Fai Court,1985,1,14589,5850000,401,401,https://hk.centanet.com/findproperty/transaction-detail/華輝閣_26063002470421
中西區,港島,利豐大廈,Lee Fung Building,1978,1,12258,3800000,310,310,https://hk.centanet.com/findproperty/transaction-detail/利豐大廈_26062900240165
中西區,港島,永福閣,Wing Fook Court,1981,1,21855,17200000,787,787,https://hk.centanet.com/findproperty/transaction-detail/永福閣_26062900370028
中西區,港島,正大花園,Jing Tai Garden Mansion,1978,1,12362,9630000,779,779,https://hk.centanet.com/findproperty/transaction-detail/正大花園_26062900410528
中西區,港島,聯基新樓,Luen Gay Apartments,1972,1,11780,4500000,382,382,https://hk.centanet.com/findproperty/transaction-detail/聯基新樓_26062900700146
中西區,港島,正街32號,32 Centre Street,1970,1,7674,3200000,417,417,https://hk.centanet.com/findproperty/transaction-detail/正街32號_26062900970033
中西區,港島,新聯大廈,Sun Luen Building,1964,1,10635,6700000,630,630,https://hk.centanet.com/findproperty/transaction-detail/新聯大廈_26062901210043
中西區,港島,殷然,Alassio,2016,1,30632,31000000,1012,1012,https://hk.centanet.com/findproperty/transaction-detail/殷然_26062901350018
中西區,港島,聯興新樓,Luen Hing Apartments,1966,1,9398,3900000,415,415,https://hk.centanet.com/findproperty/transaction-detail/聯興新樓_26062901570015
中西區,港島,德苑,Tak Mansion,1972,1,14077,10980000,780,780,https://hk.centanet.com/findproperty/transaction-detail/德苑_26062901670053
中西區,港島,尚賢居,Centre Point,2011,1,22159,12520000,565,565,https://hk.centanet.com/findproperty/transaction-detail/尚賢居_26062901670094
中西區,港島,寶苑,39-41 Caine Road,1966,1,10503,4800000,457,457,https://hk.centanet.com/findproperty/transaction-detail/寶苑_26062600220047
中西區,港島,雅緻大廈,Arts Building,1977,1,15168,9480000,625,625,https://hk.centanet.com/findproperty/transaction-detail/雅緻大廈_26062600700063
中西區,港島,華利樓,Wah Lee Building,1978,1,12069,3850000,319,319,https://hk.centanet.com/findproperty/transaction-detail/華利樓_26062601260013
中西區,港島,金堅大廈,Kam Kin Mansion (K.K. Mansion),1973,1,13564,11000000,811,811,https://hk.centanet.com/findproperty/transaction-detail/金堅大廈_26062601290017
中西區,港島,殷榮閣,Flourish Court,1993,1,22708,21800000,960,960,https://hk.centanet.com/findproperty/transaction-detail/殷榮閣_26062601730012
中西區,港島,皇后大道西226-228號,226-228 Queen's Road West,1972,1,10736,3500000,326,326,https://hk.centanet.com/findproperty/transaction-detail/皇后大道西226-228號_26062601770048
中西區,港島,桃李園,To Li Garden,1977,1,11483,4800000,418,418,https://hk.centanet.com/findproperty/transaction-detail/桃李園_26062602120052
中西區,港島,興泰大廈,Hing Tai Building,1987,1,12258,3800000,310,310,https://hk.centanet.com/findproperty/transaction-detail/興泰大廈_26062602160021
中西區,港島,寶玉閣,Jadestone Court,1991,1,18072,6000000,332,332,https://hk.centanet.com/findproperty/transaction-detail/寶玉閣_26062602170012
中西區,港島,山市大廈,Sands Building,1974,1,9842,4350000,442,442,https://hk.centanet.com/findproperty/transaction-detail/山市大廈_26062602250140
中西區,港島,昌裕大廈,Cheong Yue Mansion,1980,1,13483,3600000,267,267,https://hk.centanet.com/findproperty/transaction-detail/昌裕大廈_26062602340187
中西區,港島,瑧璈,Bohemian House,2017,1,24673,8438000,342,342,https://hk.centanet.com/findproperty/transaction-detail/瑧璈_26062602340231
中西區,港島,金豪大廈,King Ho Building,1983,1,16005,6450000,403,403,https://hk.centanet.com/findproperty/transaction-detail/金豪大廈_26062602350012
中西區,港島,懿峰,Seymour,2011,1,24893,34800000,1398,1398,https://hk.centanet.com/findproperty/transaction-detail/懿峰_26062602390029
灣仔區,港島,囍滙 2期,The Avenue Phase 2,2015,7,25959,11830000,338,519,https://hk.centanet.com/findproperty/transaction-detail/囍滙-2期_26072200350392
灣仔區,港島,星域軒,Star Crest,1999,4,31912,22540000,573,898,https://hk.centanet.com/findproperty/transaction-detail/星域軒_26072001490136
灣仔區,港島,光明臺,Illumination Terrace,1993,4,18614,12150000,568,731,https://hk.centanet.com/findproperty/transaction-detail/光明臺_HV2202607S0097
灣仔區,港島,尚翹峰 1期,The Zenith Phase 1,2006,4,23588,11159000,452,612,https://hk.centanet.com/findproperty/transaction-detail/尚翹峰-1期_26071601630161
灣仔區,港島,嘉薈軒,J Residence,2007,4,17924,9175000,397,611,https://hk.centanet.com/findproperty/transaction-detail/嘉薈軒_26071402010167
灣仔區,港島,禮頓山,The Leighton Hill,2002,3,38988,42380000,1087,1240,https://hk.centanet.com/findproperty/transaction-detail/禮頓山_T.H202607S0218
灣仔區,港島,香港大廈,Hong Kong Mansion,1966,3,7849,4700000,522,609,https://hk.centanet.com/findproperty/transaction-detail/香港大廈_26072200210024
灣仔區,港島,廣生行大廈,Kwong Sang Hong Building,1976,3,10922,5430000,423,499,https://hk.centanet.com/findproperty/transaction-detail/廣生行大廈_26072200580023
灣仔區,港島,尚匯,The Gloucester,2012,3,32070,22000000,372,686,https://hk.centanet.com/findproperty/transaction-detail/尚匯_26072200930035
灣仔區,港島,珠城大廈,Pearl City Mansion,1970,3,11474,6460000,493,563,https://hk.centanet.com/findproperty/transaction-detail/珠城大廈_PCW202607S0118
灣仔區,港島,祥友大廈,Fortune Building,1976,3,12354,4700000,313,404,https://hk.centanet.com/findproperty/transaction-detail/祥友大廈_26071300030019
灣仔區,港島,莊士頓大樓,Johnston Court,1972,3,12185,5800000,476,476,https://hk.centanet.com/findproperty/transaction-detail/莊士頓大樓_26070801400014
灣仔區,港島,會展中心會景閣,Hkcec Convention Plaza Apartments,1989,3,18606,10020000,409,618,https://hk.centanet.com/findproperty/transaction-detail/會展中心會景閣_26070700540080
灣仔區,港島,慧莉苑,Village Garden,1995,2,16976,10050000,592,592,https://hk.centanet.com/findproperty/transaction-detail/慧莉苑_L.G202607S0184
灣仔區,港島,德信花園,Richery Garden,1997,2,14451,15000000,1038,1038,https://hk.centanet.com/findproperty/transaction-detail/德信花園_26072300390172
灣仔區,港島,匯翠台,Greenway Terrace,1993,2,17986,11565000,643,643,https://hk.centanet.com/findproperty/transaction-detail/匯翠台_26072300810023
灣仔區,港島,大寶閣,Trafalgar Court,1984,2,28600,70500000,2465,2465,https://hk.centanet.com/findproperty/transaction-detail/大寶閣_T.H202607S0230
灣仔區,港島,海源中心,Yanville,1996,2,18384,6030000,328,328,https://hk.centanet.com/findproperty/transaction-detail/海源中心_26072200810090
灣仔區,港島,新基大樓,Sun Kai Mansion,1966,2,8774,4080000,465,465,https://hk.centanet.com/findproperty/transaction-detail/新基大樓_26072101630015
灣仔區,港島,海興大廈,Hoi Hing Building,1988,2,13800,4255000,291,327,https://hk.centanet.com/findproperty/transaction-detail/海興大廈_HFR1202607S0041
灣仔區,港島,雲暉大廈,Winfield Building,1984,2,28024,47750000,1513,1953,https://hk.centanet.com/findproperty/transaction-detail/雲暉大廈_YPR202606S0924
灣仔區,港島,鴻業大廈,Hung Yip Building,1966,2,9406,3550000,327,428,https://hk.centanet.com/findproperty/transaction-detail/鴻業大廈_26071701830121
灣仔區,港島,上林,Serenade,2009,2,24440,19259000,788,788,https://hk.centanet.com/findproperty/transaction-detail/上林_26071601380061
灣仔區,港島,春暉8號,The Signature,2011,2,27237,42000000,1542,1542,https://hk.centanet.com/findproperty/transaction-detail/春暉8號_26071500680253
灣仔區,港島,景祥大樓,King Cheung Mansion,1966,2,9286,5200000,560,560,https://hk.centanet.com/findproperty/transaction-detail/景祥大樓_26071401870084
灣仔區,港島,華翠臺,Jade Terrace,1989,2,15411,8590000,468,646,https://hk.centanet.com/findproperty/transaction-detail/華翠臺_26071301810591
灣仔區,港島,三元大廈,Sam Yuen Mansion,1987,2,12452,4825000,386,389,https://hk.centanet.com/findproperty/transaction-detail/三元大廈_26071000590022
灣仔區,港島,龍濤苑,Dragon Centre,1989,2,13205,7025000,517,548,https://hk.centanet.com/findproperty/transaction-detail/龍濤苑_26071001940149
灣仔區,港島,鉅利大廈,Kui Lee Building,1983,2,11218,3444000,307,307,https://hk.centanet.com/findproperty/transaction-detail/鉅利大廈_26071002030030
灣仔區,港島,維景花園,Viking Garden,1977,2,18576,9715000,523,523,https://hk.centanet.com/findproperty/transaction-detail/維景花園_26070901500116
灣仔區,港島,金聲大廈,Kam Sing Mansion,1977,2,11408,4050000,355,355,https://hk.centanet.com/findproperty/transaction-detail/金聲大廈_26070301700064
灣仔區,港島,竹麗苑,Jolly Villa,1992,2,18398,22225000,1208,1208,https://hk.centanet.com/findproperty/transaction-detail/竹麗苑_RH3202606S0542
灣仔區,港島,曦巒,Park Haven,2014,1,23373,13650000,584,584,https://hk.centanet.com/findproperty/transaction-detail/曦巒_PCW202607S0224
灣仔區,港島,東方大廈,Tung Fong Building,1963,1,9976,4220000,423,423,https://hk.centanet.com/findproperty/transaction-detail/東方大廈_26072301490045
灣仔區,港島,龍華花園,Ronsdale Garden,1986,1,19467,19000000,976,976,https://hk.centanet.com/findproperty/transaction-detail/龍華花園_26072200310057
灣仔區,港島,美華閣,May Mansion,1982,1,15825,7580000,479,479,https://hk.centanet.com/findproperty/transaction-detail/美華閣_26072200680057
灣仔區,港島,浣紗花園,Wun Sha Tower,1980,1,12801,6900000,539,539,https://hk.centanet.com/findproperty/transaction-detail/浣紗花園_26072200800025
灣仔區,港島,麗麗大廈,Lily Mansion,1966,1,8614,2860000,332,332,https://hk.centanet.com/findproperty/transaction-detail/麗麗大廈_26072201200154
灣仔區,港島,松柏新邨,Evergreen Villa,1972,1,22164,33800000,1525,1525,https://hk.centanet.com/findproperty/transaction-detail/松柏新邨_26072202010027
灣仔區,港島,加達樓,Cactus Mansion,1980,1,9357,3200000,342,342,https://hk.centanet.com/findproperty/transaction-detail/加達樓_26072100270204
灣仔區,港島,銀禧大廈,Race Course Mansion,1959,1,18382,17500000,952,952,https://hk.centanet.com/findproperty/transaction-detail/銀禧大廈_26072100330086
灣仔區,港島,鑽石大樓,Diamond Mansion,1965,1,7500,4800000,640,640,https://hk.centanet.com/findproperty/transaction-detail/鑽石大樓_26072100540207
灣仔區,港島,嘉泰大廈,Cathay Garden,1967,1,10616,5000000,471,471,https://hk.centanet.com/findproperty/transaction-detail/嘉泰大廈_26072101240276
灣仔區,港島,栢景臺,Park Towers,1989,1,29659,29600000,998,998,https://hk.centanet.com/findproperty/transaction-detail/栢景臺_26072102250033
灣仔區,港島,仁英大廈,Yen Ying Mansion (Building),1977,1,14070,4418000,314,314,https://hk.centanet.com/findproperty/transaction-detail/仁英大廈_RDG202607S0094
灣仔區,港島,鵬麗閣,Panny Court,1992,1,16534,8300000,502,502,https://hk.centanet.com/findproperty/transaction-detail/鵬麗閣_RH3202607S0409
灣仔區,港島,永星苑,Vincent Mansion,1989,1,16056,4030000,251,251,https://hk.centanet.com/findproperty/transaction-detail/永星苑_WCC202607S0130
灣仔區,港島,銅鑼灣大廈,Causeway Bay Mansion,1958,1,10613,9000000,848,848,https://hk.centanet.com/findproperty/transaction-detail/銅鑼灣大廈_26072000150205
灣仔區,港島,名仕花園,Malibu Garden,1991,1,13642,7080000,519,519,https://hk.centanet.com/findproperty/transaction-detail/名仕花園_26072000520095
灣仔區,港島,修頓花園,Southorn Garden,1988,1,12766,6600000,517,517,https://hk.centanet.com/findproperty/transaction-detail/修頓花園_WCC202607S0090
灣仔區,港島,保和大廈,Pao Woo Mansion,1972,1,11820,5000000,423,423,https://hk.centanet.com/findproperty/transaction-detail/保和大廈_26071700180072
灣仔區,港島,年威閣,Linway Court,1987,1,15611,8180000,524,524,https://hk.centanet.com/findproperty/transaction-detail/年威閣_26071700310057
灣仔區,港島,海景軒,Grand Seaview Heights,2002,1,19663,7000000,356,356,https://hk.centanet.com/findproperty/transaction-detail/海景軒_26071700450117
灣仔區,港島,樂景大樓,Lucky House,1977,1,13200,5280000,400,400,https://hk.centanet.com/findproperty/transaction-detail/樂景大樓_26071700450122
灣仔區,港島,尚巒,Warrenwoods,2012,1,19500,7800000,400,400,https://hk.centanet.com/findproperty/transaction-detail/尚巒_26071700570010
灣仔區,港島,文熙大廈,Man Hee Mansion,1965,1,8376,3300000,394,394,https://hk.centanet.com/findproperty/transaction-detail/文熙大廈_26071700790033
灣仔區,港島,堅彌地街12-12A號,12-12A Kennedy Street,1967,1,10333,3100000,300,300,https://hk.centanet.com/findproperty/transaction-detail/堅彌地街12-12A號_26071701420174
灣仔區,港島,柏園,Park Garden,1972,1,22615,25600000,1132,1132,https://hk.centanet.com/findproperty/transaction-detail/柏園_HV3202607S0106
灣仔區,港島,金樂居,Jolly House,1998,1,18855,2998000,159,159,https://hk.centanet.com/findproperty/transaction-detail/金樂居_26071600120353
灣仔區,港島,美城花園大廈,Mayson Garden Building,1973,1,14318,6300000,440,440,https://hk.centanet.com/findproperty/transaction-detail/美城花園大廈_26071600120421
灣仔區,港島,寶藝花園,Po Ngai Garden,1987,1,13937,4000000,287,287,https://hk.centanet.com/findproperty/transaction-detail/寶藝花園_26071600320251
灣仔區,港島,渣甸山名門,The Legend At Jardine's Lookout,2006,1,24138,42290000,1752,1752,https://hk.centanet.com/findproperty/transaction-detail/渣甸山名門_26071600430037
灣仔區,港島,騰黃閣,United Mansion,1966,1,11583,21800000,1882,1882,https://hk.centanet.com/findproperty/transaction-detail/騰黃閣_26071600570064
灣仔區,港島,星華大廈,Starlight House,1958,1,9885,6000000,607,607,https://hk.centanet.com/findproperty/transaction-detail/星華大廈_26071600720011
灣仔區,港島,黃泥涌道157號,157 Wong Nai Chung Road,1960,1,11413,10500000,920,920,https://hk.centanet.com/findproperty/transaction-detail/黃泥涌道157號_26071601130022
灣仔區,港島,永光苑,Fortuna Court,1997,1,20353,13820000,679,679,https://hk.centanet.com/findproperty/transaction-detail/永光苑_26071500150051
灣仔區,港島,采怡閣,The Grandeur,2002,1,18325,7550000,412,412,https://hk.centanet.com/findproperty/transaction-detail/采怡閣_26071500330066
灣仔區,港島,山光苑,Shan Kwong Towers,1973,1,15205,13380000,880,880,https://hk.centanet.com/findproperty/transaction-detail/山光苑_26071500500071
灣仔區,港島,積福大廈,Jet Foil Mansion,1976,1,12952,4300000,332,332,https://hk.centanet.com/findproperty/transaction-detail/積福大廈_26071501700074
灣仔區,港島,京城大廈,Capital Building,1977,1,13554,5950000,439,439,https://hk.centanet.com/findproperty/transaction-detail/京城大廈_RDG202606S0909
灣仔區,港島,嘉樂居,Claymore Lodge,1990,1,14067,3995000,284,284,https://hk.centanet.com/findproperty/transaction-detail/嘉樂居_26071400870011
灣仔區,港島,昇平街2號,2 Shing Ping Street,1992,1,13763,2560000,186,186,https://hk.centanet.com/findproperty/transaction-detail/昇平街2號_RH3202606S0912
灣仔區,港島,壹鑾,Regent Hill,2016,1,22266,11890000,534,534,https://hk.centanet.com/findproperty/transaction-detail/壹鑾_26071300300192
灣仔區,港島,駱克大廈,Lockhart House,1979,1,9511,5250000,552,552,https://hk.centanet.com/findproperty/transaction-detail/駱克大廈_26071301020010
灣仔區,港島,中南樓,Chung Nam Mansion,1967,1,9356,3780000,404,404,https://hk.centanet.com/findproperty/transaction-detail/中南樓_26071301810530
灣仔區,港島,Diva,Diva,2015,1,21460,10580000,493,493,https://hk.centanet.com/findproperty/transaction-detail/Diva_26071301810613
灣仔區,港島,大坑台,Tai Hang Terrace,1975,1,23909,12600000,527,527,https://hk.centanet.com/findproperty/transaction-detail/大坑台_26071000560297
灣仔區,港島,熙華大廈,Hay Wah Building,1979,1,15000,4950000,330,330,https://hk.centanet.com/findproperty/transaction-detail/熙華大廈_26071001180014
灣仔區,港島,維德大廈,Victoria Park Mansion,1964,1,11321,10200000,901,901,https://hk.centanet.com/findproperty/transaction-detail/維德大廈_26071001640034
灣仔區,港島,金樂大廈,Kam Lok Mansion,1975,1,13056,4700000,360,360,https://hk.centanet.com/findproperty/transaction-detail/金樂大廈_26070900260071
灣仔區,港島,瑞安閣,Shui On Court,1992,1,13103,3800000,290,290,https://hk.centanet.com/findproperty/transaction-detail/瑞安閣_26070900800156
灣仔區,港島,美漢大廈,Malahon Apartments,1966,1,11966,4200000,351,351,https://hk.centanet.com/findproperty/transaction-detail/美漢大廈_26070800160172
灣仔區,港島,泰港大廈,Thai Kong Building,1966,1,8058,4480000,556,556,https://hk.centanet.com/findproperty/transaction-detail/泰港大廈_26070800480015
灣仔區,港島,頂旺大廈,Pinnacle Building,1999,1,16213,5480000,338,338,https://hk.centanet.com/findproperty/transaction-detail/頂旺大廈_26070801480013
灣仔區,港島,樂活臺,The Broadville,1993,1,19951,24200000,1213,1213,https://hk.centanet.com/findproperty/transaction-detail/樂活臺_26070801900188
灣仔區,港島,麗園大廈,Lai Yuen Apartments,1964,1,9128,4080000,447,447,https://hk.centanet.com/findproperty/transaction-detail/麗園大廈_26070801970120
灣仔區,港島,欣景台,Valley View,1965,1,15167,29000000,1912,1912,https://hk.centanet.com/findproperty/transaction-detail/欣景台_26070802010250
灣仔區,港島,駿逸峰,The Morrison,2007,1,16473,7100000,431,431,https://hk.centanet.com/findproperty/transaction-detail/駿逸峰_SCR202606S0766
灣仔區,港島,譚臣大廈,Thompson Building,1967,1,11628,3000000,258,258,https://hk.centanet.com/findproperty/transaction-detail/譚臣大廈_26070700290610
灣仔區,港島,高景大廈,Gold King Mansion,1967,1,12346,7000000,567,567,https://hk.centanet.com/findproperty/transaction-detail/高景大廈_26070700320017
灣仔區,港島,駱克道292-294號,292-294 Lockhart Road,1966,1,7578,4350000,574,574,https://hk.centanet.com/findproperty/transaction-detail/駱克道292-294號_26070700820019
灣仔區,港島,禮智大廈,Lai Chi Building,1958,1,7011,7600000,1084,1084,https://hk.centanet.com/findproperty/transaction-detail/禮智大廈_26070700990044
灣仔區,港島,晉寶大廈,Silverstone Mansion,1984,1,15718,5800000,369,369,https://hk.centanet.com/findproperty/transaction-detail/晉寶大廈_26070701670025
灣仔區,港島,聯發大廈,Luen Fat Mansion,1981,1,13956,4480000,321,321,https://hk.centanet.com/findproperty/transaction-detail/聯發大廈_26070701680066
灣仔區,港島,利文樓,Newman House,1979,1,11340,5500000,485,485,https://hk.centanet.com/findproperty/transaction-detail/利文樓_26070701730024
灣仔區,港島,yoo Residence,Yoo Residence,2015,1,24759,12850000,519,519,https://hk.centanet.com/findproperty/transaction-detail/yoo-Residence_26070600110042
灣仔區,港島,寶明大廈,Po Ming Building,1964,1,8925,4900000,549,549,https://hk.centanet.com/findproperty/transaction-detail/寶明大廈_26070600410022
灣仔區,港島,恆寶大廈,Hang Po Mansion (Building),1980,1,12381,3900000,315,315,https://hk.centanet.com/findproperty/transaction-detail/恆寶大廈_26070600980033
灣仔區,港島,東成樓,Tung Shing Building,1964,1,8354,4720000,565,565,https://hk.centanet.com/findproperty/transaction-detail/東成樓_26070601740121
灣仔區,港島,新城大廈,City Mansion,1964,1,10618,3950000,372,372,https://hk.centanet.com/findproperty/transaction-detail/新城大廈_26070300230125
灣仔區,港島,嘉逸軒,Le Cachet,2001,1,19101,10200000,534,534,https://hk.centanet.com/findproperty/transaction-detail/嘉逸軒_26070301110197
灣仔區,港島,勝意大樓,Senior Building,1968,1,8326,3830000,460,460,https://hk.centanet.com/findproperty/transaction-detail/勝意大樓_26070301400041
灣仔區,港島,施弼街27號,27 Shepherd Street,1958,1,8565,1850000,216,216,https://hk.centanet.com/findproperty/transaction-detail/施弼街27號_26070301580021
灣仔區,港島,維峰．浚匯,The Consonance,2020,1,23321,6180000,265,265,https://hk.centanet.com/findproperty/transaction-detail/維峰．浚匯_26070200040061
灣仔區,港島,利安閣,Leon Court,1965,1,22016,54600000,2480,2480,https://hk.centanet.com/findproperty/transaction-detail/利安閣_26070200470076
灣仔區,港島,星月閣,Moonstar Court,1982,1,15830,4100000,259,259,https://hk.centanet.com/findproperty/transaction-detail/星月閣_26070200780040
灣仔區,港島,海都大廈,Hoi To Court,1964,1,8540,8250000,966,966,https://hk.centanet.com/findproperty/transaction-detail/海都大廈_26063000360236
灣仔區,港島,樂陶苑,Villa Lotto,1987,1,22177,24750000,1116,1116,https://hk.centanet.com/findproperty/transaction-detail/樂陶苑_26063000950026
灣仔區,港島,昭憲大廈,Chiu Hin Mansion,1977,1,14204,4460000,314,314,https://hk.centanet.com/findproperty/transaction-detail/昭憲大廈_26063001470307
灣仔區,港島,星港大廈,Sing Kong Building,1974,1,10181,4500000,442,442,https://hk.centanet.com/findproperty/transaction-detail/星港大廈_26063001650061
灣仔區,港島,蕙園,Hoden Bond,1964,1,14968,16300000,1089,1089,https://hk.centanet.com/findproperty/transaction-detail/蕙園_26063001690013
灣仔區,港島,嘉美閣,Beverly Court,1981,1,13837,13380000,967,967,https://hk.centanet.com/findproperty/transaction-detail/嘉美閣_26063002100020
灣仔區,港島,永輝樓,Wing Fai Building (Mansion),1971,1,9184,3600000,392,392,https://hk.centanet.com/findproperty/transaction-detail/永輝樓_26063002250161
灣仔區,港島,東南大廈,East South Building,1965,1,10031,3280000,327,327,https://hk.centanet.com/findproperty/transaction-detail/東南大廈_26063002370067
灣仔區,港島,雲地利台,Ventris Place,1985,1,18143,21500000,1185,1185,https://hk.centanet.com/findproperty/transaction-detail/雲地利台_26063002440992
灣仔區,港島,仁美大廈,Yen May Building,1979,1,13778,3100000,225,225,https://hk.centanet.com/findproperty/transaction-detail/仁美大廈_26062900250821
灣仔區,港島,福基大廈,Fook Gay Mansion,1966,1,11152,3000000,269,269,https://hk.centanet.com/findproperty/transaction-detail/福基大廈_26062900480018
灣仔區,港島,萃峰,The Oakhill,2011,1,25698,17500000,681,681,https://hk.centanet.com/findproperty/transaction-detail/萃峰_26062900640026
灣仔區,港島,宜興樓,Yee Hing Building,1966,1,6452,4000000,620,620,https://hk.centanet.com/findproperty/transaction-detail/宜興樓_26062901550051
灣仔區,港島,中匯大樓,Chung Wui Mansion (Apartments),1964,1,7842,2980000,380,380,https://hk.centanet.com/findproperty/transaction-detail/中匯大樓_26062901580048
灣仔區,港島,紀雲峰,The Altitude,2011,1,25417,36880000,1451,1451,https://hk.centanet.com/findproperty/transaction-detail/紀雲峰_26062901670069
灣仔區,港島,快活閣,Happy Court,1973,1,13067,8350000,639,639,https://hk.centanet.com/findproperty/transaction-detail/快活閣_26062901890070
灣仔區,港島,惠民樓,Wai Man House,1968,1,8639,4000000,463,463,https://hk.centanet.com/findproperty/transaction-detail/惠民樓_26062902320222
灣仔區,港島,國泰新宇,Cathay Lodge,2001,1,11075,3400000,307,307,https://hk.centanet.com/findproperty/transaction-detail/國泰新宇_26062600560018
灣仔區,港島,麗都大廈,Rialto Building,1979,1,12945,4000000,309,309,https://hk.centanet.com/findproperty/transaction-detail/麗都大廈_26062601540014
灣仔區,港島,麗成大廈,Lai Sing Building,1987,1,13721,6600000,481,481,https://hk.centanet.com/findproperty/transaction-detail/麗成大廈_26062601700079
灣仔區,港島,樂滿大廈,Lok Moon Mansion,1988,1,19505,7880000,404,404,https://hk.centanet.com/findproperty/transaction-detail/樂滿大廈_26062601860064
灣仔區,港島,山村道58號,58 Village Road,1966,1,8383,5600000,668,668,https://hk.centanet.com/findproperty/transaction-detail/山村道58號_26062601970051
灣仔區,港島,安盧,Antonia House,1963,1,17075,19380000,1135,1135,https://hk.centanet.com/findproperty/transaction-detail/安盧_26062602090024
灣仔區,港島,比華利山,Beverly Hill,1988,1,24387,33800000,1386,1386,https://hk.centanet.com/findproperty/transaction-detail/比華利山_26062602450052
灣仔區,港島,囍滙 1期,The Avenue Phase 1,2014,1,29453,19380000,658,658,https://hk.centanet.com/findproperty/transaction-detail/囍滙-1期_26062602520014
東區,港島,康怡花園,Kornhill,1986,11,15021,9000000,466,902,https://hk.centanet.com/findproperty/transaction-detail/康怡花園_26072202230010
東區,港島,杏花邨,Heng Fa Chuen,1986,10,14722,7600000,471,819,https://hk.centanet.com/findproperty/transaction-detail/杏花邨_HF3202607S0284
東區,港島,藍灣半島,Island Resort,2001,8,17789,11475000,455,847,https://hk.centanet.com/findproperty/transaction-detail/藍灣半島_26071500680016
東區,港島,富景花園,Fullview Garden,1993,7,8305,4300000,431,592,https://hk.centanet.com/findproperty/transaction-detail/富景花園_26072201340040
東區,港島,嘉亨灣,Grand Promenade,2005,6,21082,12480000,493,942,https://hk.centanet.com/findproperty/transaction-detail/嘉亨灣_GP6202607S0255
東區,港島,太古城 星輝台,Taikoo Shing Sing Fai Terrace,1981,6,17586,11150000,502,749,https://hk.centanet.com/findproperty/transaction-detail/太古城-星輝台_QS5202607S0170
東區,港島,健威花園,Healthy Gardens,1979,6,12930,5830000,446,456,https://hk.centanet.com/findproperty/transaction-detail/健威花園_26072100420029
東區,港島,富欣花園,Harmony Garden,1997,5,8631,3720000,431,592,https://hk.centanet.com/findproperty/transaction-detail/富欣花園_26072301090081
東區,港島,百福花園,Bedford Gardens,1981,5,10681,6100000,543,606,https://hk.centanet.com/findproperty/transaction-detail/百福花園_26071702170661
東區,港島,匯豪峰,Splendid Place,2004,5,18392,12580000,573,685,https://hk.centanet.com/findproperty/transaction-detail/匯豪峰_26071702260067
東區,港島,益昌大廈,Yick Cheong Building,1972,4,7956,2875000,294,376,https://hk.centanet.com/findproperty/transaction-detail/益昌大廈_26072300120943
東區,港島,維港頌,Harbour Glory,2019,4,29514,18400000,534,1455,https://hk.centanet.com/findproperty/transaction-detail/維港頌_HCN2202607S0043
東區,港島,太古城 海景花園(西),Taikoo Shing Harbour View Gardens (West),1981,4,19110,18625000,922,1114,https://hk.centanet.com/findproperty/transaction-detail/太古城-海景花園-西_26072101790127
東區,港島,柏蔚山,Fleur Pavilia,2018,4,21128,16900000,677,1066,https://hk.centanet.com/findproperty/transaction-detail/柏蔚山_26071700770034
東區,港島,康山花園,Kornhill Garden,1987,4,12520,6155000,431,592,https://hk.centanet.com/findproperty/transaction-detail/康山花園_26071700780031
東區,港島,The Holborn,The Holborn,2023,4,19958,4797500,220,255,https://hk.centanet.com/findproperty/transaction-detail/The-Holborn_26071501670144
東區,港島,太古城 高山台,Taikoo Shing Kao Shan Terrace,1977,4,15080,9700000,589,689,https://hk.centanet.com/findproperty/transaction-detail/太古城-高山台_26071400840078
東區,港島,港運城,Island Place,1996,4,16067,12440000,650,780,https://hk.centanet.com/findproperty/transaction-detail/港運城_26070800940051
東區,港島,新翠花園,New Jade Garden,1988,3,13287,6500000,454,533,https://hk.centanet.com/findproperty/transaction-detail/新翠花園_26072300100335
東區,港島,賽西湖大廈,Braemar Hill Mansions,1978,3,21651,23600000,1090,1124,https://hk.centanet.com/findproperty/transaction-detail/賽西湖大廈_26072301890026
東區,港島,逸樺園,The Orchards,2003,3,21705,18380000,821,896,https://hk.centanet.com/findproperty/transaction-detail/逸樺園_26072101560097
東區,港島,太安樓,Tai On Building,1968,3,8807,3100000,352,352,https://hk.centanet.com/findproperty/transaction-detail/太安樓_26072000270145
東區,港島,東濤苑,Tung Tao Court,2005,3,10921,6050000,406,554,https://hk.centanet.com/findproperty/transaction-detail/東濤苑_26072001440090
東區,港島,太古城 海天花園,Taikoo Shing Horizon Gardens,1986,3,20946,15400000,592,759,https://hk.centanet.com/findproperty/transaction-detail/太古城-海天花園_CSK202607S0110
東區,港島,柏傲山,The Pavilia Hill,2015,3,28521,32400000,1136,1290,https://hk.centanet.com/findproperty/transaction-detail/柏傲山_LSB202606S0780
東區,港島,南豐新邨,Nan Fung Sun Chuen,1977,3,12632,5500000,391,570,https://hk.centanet.com/findproperty/transaction-detail/南豐新邨_26071500260114
東區,港島,樂翠臺,Neptune Terrace,1985,3,6786,4398000,592,700,https://hk.centanet.com/findproperty/transaction-detail/樂翠臺_26071500660110
東區,港島,康澤花園,Fortress Metro Tower,1987,3,15574,9500000,407,610,https://hk.centanet.com/findproperty/transaction-detail/康澤花園_HFO2202607S0013
東區,港島,欣景花園,Felicity Garden,1990,3,11337,8000000,652,767,https://hk.centanet.com/findproperty/transaction-detail/欣景花園_26071400180097
東區,港島,城市花園 1期,City Garden Phase 1,1982,3,12208,10370000,807,942,https://hk.centanet.com/findproperty/transaction-detail/城市花園-1期_26071400660031
東區,港島,麗灣大廈,Lai Wan Building,1965,3,7968,3450000,374,440,https://hk.centanet.com/findproperty/transaction-detail/麗灣大廈_26070901590018
東區,港島,昌輝閣,Fairview Court,1974,3,9865,5100000,517,624,https://hk.centanet.com/findproperty/transaction-detail/昌輝閣_26070700540421
東區,港島,高威閣,Koway Court,1983,3,9702,4880000,503,503,https://hk.centanet.com/findproperty/transaction-detail/高威閣_26070200360016
東區,港島,東旭苑,Tung Yuk Court,2001,2,10523,6840000,650,650,https://hk.centanet.com/findproperty/transaction-detail/東旭苑_HF1202607S0020
東區,港島,君豪峰,Novum East,2019,2,19498,5790000,293,301,https://hk.centanet.com/findproperty/transaction-detail/君豪峰_26072300510208
東區,港島,康德大廈,Kent Mansion,1961,2,10291,9900000,962,962,https://hk.centanet.com/findproperty/transaction-detail/康德大廈_26072301090016
東區,港島,東欣苑,Tung Yan Court,1999,2,9770,4665000,421,535,https://hk.centanet.com/findproperty/transaction-detail/東欣苑_26072301940221
東區,港島,鯉景灣 C段,Lei King Wan Sites C,1989,2,13603,6720000,494,494,https://hk.centanet.com/findproperty/transaction-detail/鯉景灣-C段_26072201290020
東區,港島,丹拿花園,Tanner Garden,1991,2,14604,8440000,509,654,https://hk.centanet.com/findproperty/transaction-detail/丹拿花園_26072201710053
東區,港島,形品,Lime Habitat,2011,2,18702,11050000,427,722,https://hk.centanet.com/findproperty/transaction-detail/形品_26072100330022
東區,港島,惠安苑,Westlands Gardens,1975,2,10248,8690000,848,848,https://hk.centanet.com/findproperty/transaction-detail/惠安苑_26072100500049
東區,港島,太古城 海景花園(東),Taikoo Shing Harbour View Gardens (East),1983,2,20764,21075000,1015,1015,https://hk.centanet.com/findproperty/transaction-detail/太古城-海景花園-東_CSM202607S0187
東區,港島,富景閣,Fu King Court,1985,2,13512,3645000,256,283,https://hk.centanet.com/findproperty/transaction-detail/富景閣_HCN2202607S0032
東區,港島,康景花園,Mount Parker Lodge,1989,2,10772,6770000,561,699,https://hk.centanet.com/findproperty/transaction-detail/康景花園_26072000350057
東區,港島,新成大樓,Sun Sing Building,1976,2,9586,4380000,445,470,https://hk.centanet.com/findproperty/transaction-detail/新成大樓_26072001050083
東區,港島,鯉景灣 D段,Lei King Wan Sites D,1988,2,15180,7990000,495,565,https://hk.centanet.com/findproperty/transaction-detail/鯉景灣-D段_26072001320168
東區,港島,栢蕙苑,Parkvale,1989,2,14996,9390000,589,659,https://hk.centanet.com/findproperty/transaction-detail/栢蕙苑_26071700210215
東區,港島,港濤軒,Island Lodge,2008,2,20688,14825000,629,802,https://hk.centanet.com/findproperty/transaction-detail/港濤軒_26071600260045
東區,港島,惠利大廈,Wai Lee Building,1967,2,7558,3025000,324,465,https://hk.centanet.com/findproperty/transaction-detail/惠利大廈_26071601000113
東區,港島,海峯園,Harbour Heights,1988,2,15218,10405000,616,760,https://hk.centanet.com/findproperty/transaction-detail/海峯園_26071500260014
東區,港島,光超台,Kwong Chiu Terrace,1978,2,13064,5670000,434,434,https://hk.centanet.com/findproperty/transaction-detail/光超台_26071501000068
東區,港島,太康樓,Tai Hong House,1964,2,7939,3000000,312,479,https://hk.centanet.com/findproperty/transaction-detail/太康樓_26071501170011
東區,港島,Casa 880,Casa 880,2008,2,19716,15615000,792,792,https://hk.centanet.com/findproperty/transaction-detail/Casa-880_26071501180024
東區,港島,杏翠苑,Hang Tsui Court,1997,2,7710,4310000,559,559,https://hk.centanet.com/findproperty/transaction-detail/杏翠苑_26071400180039
東區,港島,翠灣邨,Tsui Wan Estate,1988,2,4390,1725000,376,407,https://hk.centanet.com/findproperty/transaction-detail/翠灣邨_26071401460020
東區,港島,宏暉大廈,Wang Fai Mansion,1983,2,15946,4060000,243,267,https://hk.centanet.com/findproperty/transaction-detail/宏暉大廈_26071300810076
東區,港島,得發大廈,Tak Fat Building,1985,2,15886,4165000,259,265,https://hk.centanet.com/findproperty/transaction-detail/得發大廈_26070901960281
東區,港島,安樂樓,On Lok Building,1976,2,10576,3682500,336,360,https://hk.centanet.com/findproperty/transaction-detail/安樂樓_26070801370055
東區,港島,太古城 翠湖台,Taikoo Shing Tsui Woo Terrace,1976,2,13517,7840000,580,580,https://hk.centanet.com/findproperty/transaction-detail/太古城-翠湖台_26070801420018
東區,港島,東熹苑,Tung Hei Court,1995,2,9241,4985000,538,541,https://hk.centanet.com/findproperty/transaction-detail/東熹苑_26070702160267
東區,港島,龍景大廈,Dragon View House,1977,2,12787,5015000,376,408,https://hk.centanet.com/findproperty/transaction-detail/龍景大廈_ORZ202606S0746
東區,港島,東威大廈,Eastway Towers,1976,2,8924,3985000,415,483,https://hk.centanet.com/findproperty/transaction-detail/東威大廈_26070600070010
東區,港島,嘉信大廈,Carson Mansion,1979,2,12660,6125000,450,522,https://hk.centanet.com/findproperty/transaction-detail/嘉信大廈_26070601470062
東區,港島,愛蝶灣,Aldrich Garden,2000,2,11397,6100000,484,592,https://hk.centanet.com/findproperty/transaction-detail/愛蝶灣_26070300140124
東區,港島,兆華大廈,Siu Wah Building,1985,2,13985,3790000,271,271,https://hk.centanet.com/findproperty/transaction-detail/兆華大廈_26070301110100
東區,港島,城市花園 2期,City Garden Phase 2,1986,2,15026,14890000,966,1010,https://hk.centanet.com/findproperty/transaction-detail/城市花園-2期_26063000280042
東區,港島,興漢大廈,Hing Hon Building,1986,2,13411,5740000,428,428,https://hk.centanet.com/findproperty/transaction-detail/興漢大廈_26062901560166
東區,港島,海寧街20-24號,20-24 Hoi Ning Street,1963,2,4060,2540000,518,731,https://hk.centanet.com/findproperty/transaction-detail/海寧街20-24號_26062601290028
東區,港島,逸瑆,Monti,2019,1,16571,6380000,385,385,https://hk.centanet.com/findproperty/transaction-detail/逸瑆_QT2202607S0220
東區,港島,星灣峰,The Oakridge,2003,1,18213,7850000,431,431,https://hk.centanet.com/findproperty/transaction-detail/星灣峰_TKS202607S0191
東區,港島,興民大廈,Hing Man Mansion,1993,1,16865,3238000,192,192,https://hk.centanet.com/findproperty/transaction-detail/興民大廈_26072300170133
東區,港島,福怡大廈,Fortune Mansion,1996,1,13165,4700000,357,357,https://hk.centanet.com/findproperty/transaction-detail/福怡大廈_26072300230184
東區,港島,東安大廈,Tung On Building,1965,1,6734,3980000,591,591,https://hk.centanet.com/findproperty/transaction-detail/東安大廈_26072300230199
東區,港島,僑興大廈,Kiu Hing Mansion,1966,1,7143,5800000,812,812,https://hk.centanet.com/findproperty/transaction-detail/僑興大廈_26072301110025
東區,港島,君譽峰,Novum Point,2020,1,22053,5800000,263,263,https://hk.centanet.com/findproperty/transaction-detail/君譽峰_SYT202607S0136
東區,港島,新都城大廈,Metropole Building,1972,1,7621,4900000,643,643,https://hk.centanet.com/findproperty/transaction-detail/新都城大廈_26072200350379
東區,港島,康翠臺,Greenwood Terrace,1985,1,11024,5600000,508,508,https://hk.centanet.com/findproperty/transaction-detail/康翠臺_26072200960013
東區,港島,太古城 金殿台,Taikoo Shing Kam Din Terrace,1979,1,15464,9000000,582,582,https://hk.centanet.com/findproperty/transaction-detail/太古城-金殿台_26072201240066
東區,港島,寶馬花園,Marble Garden,1993,1,15319,7200000,470,470,https://hk.centanet.com/findproperty/transaction-detail/寶馬花園_26072100700025
東區,港島,金星樓,Kam Sing Mansion,1968,1,9067,3400000,375,375,https://hk.centanet.com/findproperty/transaction-detail/金星樓_26072100980146
東區,港島,東駿苑,Tung Chun Court,1994,1,6897,4476000,649,649,https://hk.centanet.com/findproperty/transaction-detail/東駿苑_26072102230222
東區,港島,高望大樓,Ko Mong Building,1970,1,9347,3150000,337,337,https://hk.centanet.com/findproperty/transaction-detail/高望大樓_26072000440058
東區,港島,嘉兆大廈,Casio Mansion,1981,1,9975,4000000,401,401,https://hk.centanet.com/findproperty/transaction-detail/嘉兆大廈_26072000970032
東區,港島,大來大廈,Dollar Building,1982,1,12876,3850000,299,299,https://hk.centanet.com/findproperty/transaction-detail/大來大廈_26071700140040
東區,港島,峰華邨,Fung Wah Estate,1991,1,4740,2100000,443,443,https://hk.centanet.com/findproperty/transaction-detail/峰華邨_26071701550021
東區,港島,華昇大廈,Wah Sing Building,1984,1,12947,3690000,285,285,https://hk.centanet.com/findproperty/transaction-detail/華昇大廈_26071701750091
東區,港島,惠芳閣,Wai Fong Court,1987,1,13372,3450000,258,258,https://hk.centanet.com/findproperty/transaction-detail/惠芳閣_26071702260072
東區,港島,海安大廈,Hoi On Building,1981,1,11585,2850000,246,246,https://hk.centanet.com/findproperty/transaction-detail/海安大廈_26071702260088
東區,港島,海景樓,Oceanic Mansion,1972,1,7392,3600000,487,487,https://hk.centanet.com/findproperty/transaction-detail/海景樓_26071600120493
東區,港島,宏德居,Walton Estate,1982,1,9676,4480000,463,463,https://hk.centanet.com/findproperty/transaction-detail/宏德居_26071600320277
東區,港島,翠巒閣,Serene Court,1967,1,15280,23180000,1517,1517,https://hk.centanet.com/findproperty/transaction-detail/翠巒閣_26071601580019
東區,港島,富怡花園,Cheerful Garden,1995,1,12008,5800000,483,483,https://hk.centanet.com/findproperty/transaction-detail/富怡花園_26071601630173
東區,港島,華禮大廈,Wah Lai Mansion,1981,1,11902,4380000,368,368,https://hk.centanet.com/findproperty/transaction-detail/華禮大廈_HPT6202607S0064
東區,港島,健康村 1期,Healthy Village Phase 1,1993,1,9952,6280000,631,631,https://hk.centanet.com/findproperty/transaction-detail/健康村-1期_NPC202606S0520
東區,港島,富雅花園,Full Wealth Gardens,1985,1,13700,5850000,427,427,https://hk.centanet.com/findproperty/transaction-detail/富雅花園_NPE202606S0899
東區,港島,兆寶大廈 (兆寶樓),Siu Bo Mansion,1985,1,15702,3800000,242,242,https://hk.centanet.com/findproperty/transaction-detail/兆寶大廈-兆寶樓_26071500170016
東區,港島,建明閣,Kin Ming Court,1976,1,9267,4300000,464,464,https://hk.centanet.com/findproperty/transaction-detail/建明閣_26071500170022
東區,港島,太順樓,Tai Shun House,1962,1,8654,2700000,312,312,https://hk.centanet.com/findproperty/transaction-detail/太順樓_26071500270146
東區,港島,嘉蘭大廈,Scala Mansion,1977,1,11437,3900000,341,341,https://hk.centanet.com/findproperty/transaction-detail/嘉蘭大廈_26071501850028
東區,港島,清華大廈,Ching Wah Building,1981,1,10616,4650000,438,438,https://hk.centanet.com/findproperty/transaction-detail/清華大廈_LSC202607S0257
東區,港島,康華大廈,Hong Wah Mansion,1985,1,12308,4000000,325,325,https://hk.centanet.com/findproperty/transaction-detail/康華大廈_26071400090016
東區,港島,愛琴軒,Melody Court,1996,1,14390,4720000,328,328,https://hk.centanet.com/findproperty/transaction-detail/愛琴軒_26071401520035
東區,港島,君悅軒,Grand Garden,2007,1,12685,6000000,473,473,https://hk.centanet.com/findproperty/transaction-detail/君悅軒_26071300280100
東區,港島,金麗大廈,Kinley Building,1975,1,10618,3950000,372,372,https://hk.centanet.com/findproperty/transaction-detail/金麗大廈_26071300360027
東區,港島,嘉運大廈,Kar Wan Building,1985,1,13725,2100000,153,153,https://hk.centanet.com/findproperty/transaction-detail/嘉運大廈_26071300650017
東區,港島,海景台,Seaview Garden,1977,1,20109,18500000,920,920,https://hk.centanet.com/findproperty/transaction-detail/海景台_26071300910014
東區,港島,形薈,Lime Gala,2018,1,17532,9450000,539,539,https://hk.centanet.com/findproperty/transaction-detail/形薈_HF1202604S0401
東區,港島,月明樓,Yuet Ming Building,1966,1,8507,4500000,529,529,https://hk.centanet.com/findproperty/transaction-detail/月明樓_26071000440038
東區,港島,新威園,Sunway Gardens,1974,1,10000,5780000,578,578,https://hk.centanet.com/findproperty/transaction-detail/新威園_26071000870146
東區,港島,華成大廈,Wah Sing Building,1986,1,11838,3800000,321,321,https://hk.centanet.com/findproperty/transaction-detail/華成大廈_26071001350067
東區,港島,糖水道12號,12 Tong Shui Road,1954,1,6399,6380000,997,997,https://hk.centanet.com/findproperty/transaction-detail/糖水道12號_26071001740188
東區,港島,英麗閣,King's View Court,1976,1,11812,8150000,690,690,https://hk.centanet.com/findproperty/transaction-detail/英麗閣_26071001860014
東區,港島,鴻日大廈,Hung Yat Building,1987,1,11637,3980000,342,342,https://hk.centanet.com/findproperty/transaction-detail/鴻日大廈_26071002280019
東區,港島,寶峰園,Bo Fung Gardens,1972,1,11502,7200000,626,626,https://hk.centanet.com/findproperty/transaction-detail/寶峰園_26070900110177
東區,港島,怡寶洋樓,Yee Bo Mansion,1983,1,12305,3950000,321,321,https://hk.centanet.com/findproperty/transaction-detail/怡寶洋樓_26070900150254
東區,港島,東興大廈,Tung Hing Building,1975,1,10390,4000000,385,385,https://hk.centanet.com/findproperty/transaction-detail/東興大廈_26070900190016
東區,港島,怡翠苑,Yee Tsui Court,1981,1,9790,4200000,429,429,https://hk.centanet.com/findproperty/transaction-detail/怡翠苑_26070900870029
東區,港島,雅麗閣,Artland Court,1978,1,10356,3200000,309,309,https://hk.centanet.com/findproperty/transaction-detail/雅麗閣_26070901500044
東區,港島,山翠苑,Shan Tsui Court,1981,1,10160,3800000,374,374,https://hk.centanet.com/findproperty/transaction-detail/山翠苑_26070901800032
東區,港島,金寶大廈,Golden Mansion,1979,1,12129,4330000,357,357,https://hk.centanet.com/findproperty/transaction-detail/金寶大廈_26070901960206
東區,港島,明威大廈,Mainway Mansion (Building),1989,1,10131,4630000,457,457,https://hk.centanet.com/findproperty/transaction-detail/明威大廈_26070902010016
東區,港島,僑冠大廈,Kiu Kwan Mansion,1966,1,9572,5150000,538,538,https://hk.centanet.com/findproperty/transaction-detail/僑冠大廈_26070800180610
東區,港島,太古城 安盛台,Taikoo Shing On Shing Terrace,1980,1,18103,10500000,580,580,https://hk.centanet.com/findproperty/transaction-detail/太古城-安盛台_26070800210033
東區,港島,港逸軒,Glory Rise,2003,1,13608,4300000,316,316,https://hk.centanet.com/findproperty/transaction-detail/港逸軒_26070800210061
東區,港島,怡家洋樓,Elgar Mansion,1983,1,11144,3800000,341,341,https://hk.centanet.com/findproperty/transaction-detail/怡家洋樓_26070801430022
東區,港島,興民街44號,44 Hing Man Street,1959,1,5445,3000000,551,551,https://hk.centanet.com/findproperty/transaction-detail/興民街44號_26070801820013
東區,港島,永華大廈,Winner Mansion,1979,1,10357,3480000,336,336,https://hk.centanet.com/findproperty/transaction-detail/永華大廈_26070801850036
東區,港島,明暉大廈,Ming Fai Building,1983,1,15633,3580000,229,229,https://hk.centanet.com/findproperty/transaction-detail/明暉大廈_26070802010273
東區,港島,飛龍台,Fly Dragon Terrace,1974,1,15207,19800000,1302,1302,https://hk.centanet.com/findproperty/transaction-detail/飛龍台_JL1202606S0742
東區,港島,柴灣戲院大廈,Chai Wan Cinema Building,1978,1,8030,3180000,396,396,https://hk.centanet.com/findproperty/transaction-detail/柴灣戲院大廈_26070700440105
東區,港島,尚譽,One Prestige,2018,1,23118,3930000,170,170,https://hk.centanet.com/findproperty/transaction-detail/尚譽_26070700450290
東區,港島,怡新洋樓,Sunshine Mansion,1981,1,10440,3800000,364,364,https://hk.centanet.com/findproperty/transaction-detail/怡新洋樓_26070700660040
東區,港島,東霖苑,Tung Lam Court,1997,1,6308,1350000,214,214,https://hk.centanet.com/findproperty/transaction-detail/東霖苑_26070701040125
東區,港島,都城大樓,Metro Mansion,1967,1,8307,2600000,313,313,https://hk.centanet.com/findproperty/transaction-detail/都城大樓_26070701040130
東區,港島,寶豐大廈,Po Fung Building,1991,1,12591,5200000,413,413,https://hk.centanet.com/findproperty/transaction-detail/寶豐大廈_26070701350035
東區,港島,東大樓,Tung Tai House,1959,1,6390,4000000,626,626,https://hk.centanet.com/findproperty/transaction-detail/東大樓_26070600110065
東區,港島,樂軒臺,Lok Hin Terrace,1995,1,7887,4448000,564,564,https://hk.centanet.com/findproperty/transaction-detail/樂軒臺_26070601410021
東區,港島,嘉興大廈,Ka Hing Building,1984,1,14878,3050000,205,205,https://hk.centanet.com/findproperty/transaction-detail/嘉興大廈_26070601500099
東區,港島,永寶大廈,Wing Po Mansion,1989,1,12212,8280000,678,678,https://hk.centanet.com/findproperty/transaction-detail/永寶大廈_26070300620217
東區,港島,香島,Island Garden,2018,1,19365,20430000,1055,1055,https://hk.centanet.com/findproperty/transaction-detail/香島_26070201230128
東區,港島,曉峰,Mount East,2011,1,18306,10050000,549,549,https://hk.centanet.com/findproperty/transaction-detail/曉峰_26063000470182
東區,港島,璇宮大廈,Empire Apartments,1957,1,6958,5900000,848,848,https://hk.centanet.com/findproperty/transaction-detail/璇宮大廈_26063000580018
東區,港島,得利大廈,Tak Lee Building,1971,1,7122,2400000,337,337,https://hk.centanet.com/findproperty/transaction-detail/得利大廈_26063001100018
東區,港島,海光苑,Hoi Kwong Court,1987,1,11616,5680000,489,489,https://hk.centanet.com/findproperty/transaction-detail/海光苑_26063001510012
東區,港島,海璇 1B期,Victoria Harbour Phase 1B,2018,1,35430,40000000,1129,1129,https://hk.centanet.com/findproperty/transaction-detail/海璇-1B期_26063002100011
東區,港島,聯和大廈,Luen Wo Apartments,1962,1,6516,4900000,752,752,https://hk.centanet.com/findproperty/transaction-detail/聯和大廈_26063002441557
東區,港島,慧雲峯,La Place De Victoria,2005,1,21137,19700000,932,932,https://hk.centanet.com/findproperty/transaction-detail/慧雲峯_26063002441858
東區,港島,茵翠苑,Yan Tsui Court,1983,1,7509,4100000,546,546,https://hk.centanet.com/findproperty/transaction-detail/茵翠苑_26063002920103
東區,港島,華園,Piedmont Garden,1969,1,12515,10400000,831,831,https://hk.centanet.com/findproperty/transaction-detail/華園_26062900220142
東區,港島,新和富大廈,New Wealth Mansion,1991,1,14387,5050000,351,351,https://hk.centanet.com/findproperty/transaction-detail/新和富大廈_26062900220181
東區,港島,偉文大廈,Wiseman Building,1980,1,11699,7780000,665,665,https://hk.centanet.com/findproperty/transaction-detail/偉文大廈_26062900250359
東區,港島,富澤花園,Fortress Garden,1981,1,14877,9700000,652,652,https://hk.centanet.com/findproperty/transaction-detail/富澤花園_26062900250364
東區,港島,益發大廈,Yick Fat Building,1972,1,8740,3400000,389,389,https://hk.centanet.com/findproperty/transaction-detail/益發大廈_26062900250416
東區,港島,樂融軒,Harmony Place,2014,1,15717,9980000,635,635,https://hk.centanet.com/findproperty/transaction-detail/樂融軒_26062900290038
東區,港島,豐榮苑,Fortwest,1982,1,12517,5470000,437,437,https://hk.centanet.com/findproperty/transaction-detail/豐榮苑_26062900350100
東區,港島,譽都,I‧Uniq Residence,2013,1,18855,5600000,297,297,https://hk.centanet.com/findproperty/transaction-detail/譽都_26062902150045
東區,港島,新德樓,Sun Tak House,1991,1,12165,5000000,411,411,https://hk.centanet.com/findproperty/transaction-detail/新德樓_26062600560020
東區,港島,和富中心,Provident Centre,1984,1,14989,13100000,874,874,https://hk.centanet.com/findproperty/transaction-detail/和富中心_26062600900079
東區,港島,嘉威大廈,Ka Wai Building,1984,1,18326,4380000,239,239,https://hk.centanet.com/findproperty/transaction-detail/嘉威大廈_26062602100028
東區,港島,港島．東18,18 Upper East,2012,1,15066,8000000,531,531,https://hk.centanet.com/findproperty/transaction-detail/港島．東18_26062602170067
東區,港島,和富大樓,Wharf Mansion,1962,1,7267,4600000,633,633,https://hk.centanet.com/findproperty/transaction-detail/和富大樓_26062602490242
南區,港島,置富花園,Chi Fu Fa Yuen,1978,6,12270,6665000,439,588,https://hk.centanet.com/findproperty/transaction-detail/置富花園_ABM202607S0108
南區,港島,深灣軒,Sham Wan Towers,2004,6,18104,8710000,474,488,https://hk.centanet.com/findproperty/transaction-detail/深灣軒_SOL202607S0056
南區,港島,海怡半島 2期,South Horizons Phase 2,1992,5,15698,9780000,623,742,https://hk.centanet.com/findproperty/transaction-detail/海怡半島-2期_SOB202607S0202
南區,港島,南灣,Larvotto,2010,4,20202,14025000,596,784,https://hk.centanet.com/findproperty/transaction-detail/南灣_SOB202606S0809
南區,港島,雅濤閣,Broadview Court,2001,4,10942,6240000,422,591,https://hk.centanet.com/findproperty/transaction-detail/雅濤閣_26072201890085
南區,港島,貝沙灣 4期 南灣,Residence Bel-Air Phase 4 Bel-Air On The Peak,2005,4,26778,27590000,707,1886,https://hk.centanet.com/findproperty/transaction-detail/貝沙灣-4期-南灣_26071701220068
南區,港島,漁安苑,Yue On Court,1988,4,11134,5450000,469,504,https://hk.centanet.com/findproperty/transaction-detail/漁安苑_26070701510029
南區,港島,貝沙灣 2期 南岸,Residence Bel-Air Phase 2 South Tower,2004,3,26744,36800000,1365,1394,https://hk.centanet.com/findproperty/transaction-detail/貝沙灣-2期-南岸_26072301020012
南區,港島,利東邨,Lei Tung Estate,1987,3,6399,2438000,381,381,https://hk.centanet.com/findproperty/transaction-detail/利東邨_26071500690079
南區,港島,海怡半島 3期,South Horizons Phase 3,1993,3,14977,9980000,581,888,https://hk.centanet.com/findproperty/transaction-detail/海怡半島-3期_26071300280045
南區,港島,倚南,H．Bonaire,2016,3,18692,6000000,320,321,https://hk.centanet.com/findproperty/transaction-detail/倚南_26070901990309
南區,港島,海怡半島 4期 御庭園,South Horizons Phase 4 The Oasis,1994,3,14259,7500000,519,545,https://hk.centanet.com/findproperty/transaction-detail/海怡半島-4期-御庭園_26070702160137
南區,港島,香港仔中心,Aberdeen Centre,1979,3,11412,5100000,432,448,https://hk.centanet.com/findproperty/transaction-detail/香港仔中心_26070600620011
南區,港島,海怡半島 1期,South Horizons Phase 1,1991,3,14754,10500000,629,1057,https://hk.centanet.com/findproperty/transaction-detail/海怡半島-1期_26070201050074
南區,港島,嘉隆苑,Ka Lung Court,1991,3,8992,5380000,554,645,https://hk.centanet.com/findproperty/transaction-detail/嘉隆苑_26063001600076
南區,港島,貝沙灣 6期 Bel-Air No. 8,Residence Bel-Air Phase 6 Bel-Air No. 8,2008,2,24557,18000000,733,733,https://hk.centanet.com/findproperty/transaction-detail/貝沙灣-6期-BEL-AIR-NO.-8_TBL202607S0155
南區,港島,龍德苑,Lung Tak Court,2000,2,6842,3210000,417,527,https://hk.centanet.com/findproperty/transaction-detail/龍德苑_26072202080099
南區,港島,添喜大廈,Albert House,1973,2,8452,3440000,407,407,https://hk.centanet.com/findproperty/transaction-detail/添喜大廈_26072101470025
南區,港島,漁暉苑,Yue Fai Court,1980,2,9120,3665000,384,419,https://hk.centanet.com/findproperty/transaction-detail/漁暉苑_26071602150049
南區,港島,雙喜大廈,Aberdeen Harbour Mansion,1972,2,9506,3656000,370,400,https://hk.centanet.com/findproperty/transaction-detail/雙喜大廈_ABD202607S0012
南區,港島,陽明山莊 山景園,Hong Kong Parkview Parkview Club & Suites,1989,2,21789,28750000,1031,1622,https://hk.centanet.com/findproperty/transaction-detail/陽明山莊-山景園_26070700470030
南區,港島,崇新閣,Sunny Court,1989,1,11412,3880000,340,340,https://hk.centanet.com/findproperty/transaction-detail/崇新閣_26072300100214
南區,港島,富臨軒,Pokfulam Terrace,2003,1,14053,9500000,676,676,https://hk.centanet.com/findproperty/transaction-detail/富臨軒_26072300100321
南區,港島,富澤大廈,Full Jade Mansion,1992,1,12924,3050000,236,236,https://hk.centanet.com/findproperty/transaction-detail/富澤大廈_26072300120966
南區,港島,淺水灣道37號,37 Repulse Bay Road,1994,1,28892,24500000,848,848,https://hk.centanet.com/findproperty/transaction-detail/淺水灣道37號_26072201090128
南區,港島,利豐大廈,Billion Court,1990,1,12315,5000000,406,406,https://hk.centanet.com/findproperty/transaction-detail/利豐大廈_26072101390356
南區,港島,貝沙灣 5期 洋房,Residence Bel-Air Phase 5 Villa Bel-Air,2007,1,41933,151000000,3601,3601,https://hk.centanet.com/findproperty/transaction-detail/貝沙灣-5期-洋房_26071700890020
南區,港島,鴨脷洲中心,Ap Lei Chau Centre,1983,1,10358,4050000,391,391,https://hk.centanet.com/findproperty/transaction-detail/鴨脷洲中心_26071701240011
南區,港島,陽明山莊 涵碧苑,Hong Kong Parkview Parkview Terrace,1988,1,27816,60000000,2157,2157,https://hk.centanet.com/findproperty/transaction-detail/陽明山莊-涵碧苑_26071701800108
南區,港島,雙溪,Twin Brook,1974,1,30054,73000000,2429,2429,https://hk.centanet.com/findproperty/transaction-detail/雙溪_26071500780034
南區,港島,碧瑤灣,Baguio Villa,1979,1,12818,12510000,976,976,https://hk.centanet.com/findproperty/transaction-detail/碧瑤灣_26071501500090
南區,港島,東寶閣,Toho Court,1989,1,17699,6000000,339,339,https://hk.centanet.com/findproperty/transaction-detail/東寶閣_26071400190026
南區,港島,珍寶閣,Jumbo Court,1979,1,11622,4800000,413,413,https://hk.centanet.com/findproperty/transaction-detail/珍寶閣_26071401450139
南區,港島,港島南岸 3B期 Blue Coast,The Southside Phase 3B Blue Coast,2025,1,24830,18300000,737,737,https://hk.centanet.com/findproperty/transaction-detail/港島南岸-3B期-Blue-Coast_AR1202606S0667
南區,港島,南灣花園,South Bay Garden,1985,1,18682,15880000,850,850,https://hk.centanet.com/findproperty/transaction-detail/南灣花園_26071301270018
南區,港島,悅海華庭,Marina Habitat,1998,1,14882,6280000,422,422,https://hk.centanet.com/findproperty/transaction-detail/悅海華庭_26070901460074
南區,港島,浪琴園,Pacific View,1991,1,18611,26000000,1397,1397,https://hk.centanet.com/findproperty/transaction-detail/浪琴園_26070700780041
南區,港島,香港仔大道194-196號,194-196 Aberdeen Main Road,1972,1,5666,2000000,353,353,https://hk.centanet.com/findproperty/transaction-detail/香港仔大道194-196號_26070601280218
南區,港島,南津．迎岸,South Walk．Aura,2019,1,15652,2880000,184,184,https://hk.centanet.com/findproperty/transaction-detail/南津．迎岸_26070300080021
南區,港島,松苑,Pine Crest,1982,1,33907,65000000,1917,1917,https://hk.centanet.com/findproperty/transaction-detail/松苑_26063001410215
南區,港島,深灣9號,Marinella,2012,1,23810,33000000,1386,1386,https://hk.centanet.com/findproperty/transaction-detail/深灣9號_26063001970236
南區,港島,碧海閣,Bayview Court,1977,1,17817,23500000,1319,1319,https://hk.centanet.com/findproperty/transaction-detail/碧海閣_26063002800011
南區,港島,港島南岸 1期 晉環,The Southside Phase 1 Southland,2022,1,24865,9200000,370,370,https://hk.centanet.com/findproperty/transaction-detail/港島南岸-1期-晉環_26062902320270
南區,港島,兆群大廈,Siu Kwan Mansion,1993,1,12941,3960000,306,306,https://hk.centanet.com/findproperty/transaction-detail/兆群大廈_26062902320341
南區,港島,金豐大廈,Kam Fung Building,1986,1,12233,5150000,421,421,https://hk.centanet.com/findproperty/transaction-detail/金豐大廈_26062600300035
南區,港島,貝沙灣 1期,Residence Bel-Air Phase 1,2004,1,26286,35880000,1365,1365,https://hk.centanet.com/findproperty/transaction-detail/貝沙灣-1期_26062600400022
南區,港島,華富閣,World Fair Court,1978,1,7451,3800000,510,510,https://hk.centanet.com/findproperty/transaction-detail/華富閣_26062600900058
南區,港島,金寶花園,Grandview Garden,1985,1,14545,5280000,363,363,https://hk.centanet.com/findproperty/transaction-detail/金寶花園_26062601190055
南區,港島,輝百閣,Faber Court,1975,1,20535,43000000,2094,2094,https://hk.centanet.com/findproperty/transaction-detail/輝百閣_26062601260035
油尖旺區,九龍,港景峯,The Victoria Towers,2002,11,26144,19480000,457,899,https://hk.centanet.com/findproperty/transaction-detail/港景峯_MTP202607S0273
油尖旺區,九龍,港灣豪庭 1期,Metro Harbour View Phase 1,2002,9,18006,6600000,321,601,https://hk.centanet.com/findproperty/transaction-detail/港灣豪庭-1期_26072300810181
油尖旺區,九龍,富榮花園,Charming Garden,1998,9,11369,5800000,431,592,https://hk.centanet.com/findproperty/transaction-detail/富榮花園_26072301890042
油尖旺區,九龍,浪澄灣,The Long Beach,2004,8,18728,10500000,546,823,https://hk.centanet.com/findproperty/transaction-detail/浪澄灣_26072100270054
油尖旺區,九龍,君匯港,Harbour Green,2006,6,19856,10775000,478,1362,https://hk.centanet.com/findproperty/transaction-detail/君匯港_IHB202607S0075
油尖旺區,九龍,Skypark,Skypark,2016,6,16532,5915000,309,407,https://hk.centanet.com/findproperty/transaction-detail/Skypark_26072201890030
油尖旺區,九龍,瓏璽,Imperial Cullinan,2011,6,24884,24180000,524,1309,https://hk.centanet.com/findproperty/transaction-detail/瓏璽_26072000380366
油尖旺區,九龍,凱旋門,The Arch,2005,6,33135,13900000,398,846,https://hk.centanet.com/findproperty/transaction-detail/凱旋門_26070900320100
油尖旺區,九龍,奧柏．御峯,Park Summit,2012,5,17045,4500000,264,1023,https://hk.centanet.com/findproperty/transaction-detail/奧柏．御峯_26071402100047
油尖旺區,九龍,柏景灣 1期,Park Avenue Phase 1,2001,4,22063,11604000,449,848,https://hk.centanet.com/findproperty/transaction-detail/柏景灣-1期_MH1202607S0213
油尖旺區,九龍,大同新邨,Cosmopolitan Estates,1975,4,10158,3770000,326,425,https://hk.centanet.com/findproperty/transaction-detail/大同新邨_26072300180013
油尖旺區,九龍,翠園大樓,Tsui Yuen Mansion,1964,4,6608,3700000,427,652,https://hk.centanet.com/findproperty/transaction-detail/翠園大樓_26072300370108
油尖旺區,九龍,中美樓,Chung Mei Building,1966,4,6525,2779000,400,488,https://hk.centanet.com/findproperty/transaction-detail/中美樓_26072300370112
油尖旺區,九龍,凱帆軒,Hampton Place,2003,4,18738,8330000,426,469,https://hk.centanet.com/findproperty/transaction-detail/凱帆軒_26072202020122
油尖旺區,九龍,天璽,The Cullinan,2007,4,34978,20400000,531,997,https://hk.centanet.com/findproperty/transaction-detail/天璽_26072000560063
油尖旺區,九龍,海桃灣,Florient Rise,2008,4,21536,15705000,509,806,https://hk.centanet.com/findproperty/transaction-detail/海桃灣_YN6202607S0099
油尖旺區,九龍,一號銀海,One Silversea,2006,4,25037,17840000,665,781,https://hk.centanet.com/findproperty/transaction-detail/一號銀海_26071402060198
油尖旺區,九龍,金勳大廈,Honour House,1969,4,7624,3494000,386,509,https://hk.centanet.com/findproperty/transaction-detail/金勳大廈_26070900150110
油尖旺區,九龍,利奧坊．曉岸,Eltanin‧Square Mile,2017,3,19727,5050000,194,390,https://hk.centanet.com/findproperty/transaction-detail/利奧坊．曉岸_KVW2202607S0053
油尖旺區,九龍,擎天半島 1期,Sorrento Phase 1,2002,3,26420,22000000,757,856,https://hk.centanet.com/findproperty/transaction-detail/擎天半島-1期_NEY202607S0157
油尖旺區,九龍,御金．國峰,The Coronation,2012,3,18722,8500000,454,928,https://hk.centanet.com/findproperty/transaction-detail/御金．國峰_26072200230016
油尖旺區,九龍,駿發花園,Prosperous Garden,1991,3,13180,6300000,478,700,https://hk.centanet.com/findproperty/transaction-detail/駿發花園_26072200390112
油尖旺區,九龍,帝峰．皇殿,The Hermitage,2010,3,24184,18380000,531,827,https://hk.centanet.com/findproperty/transaction-detail/帝峰．皇殿_HCJ202607S0164
油尖旺區,九龍,Grand Austin,Grand Austin,2014,3,27555,24000000,580,1301,https://hk.centanet.com/findproperty/transaction-detail/Grand-Austin_26072102090127
油尖旺區,九龍,順景大廈,Shun King Building,1978,3,10570,2580000,216,263,https://hk.centanet.com/findproperty/transaction-detail/順景大廈_26072001620021
油尖旺區,九龍,柏景灣 2期 帝柏海灣,Park Avenue Central Park,2001,3,22149,14250000,469,1014,https://hk.centanet.com/findproperty/transaction-detail/柏景灣-帝柏海灣_26072001700155
油尖旺區,九龍,君臨天下,The Harbourside,2003,3,31684,33300000,1015,1062,https://hk.centanet.com/findproperty/transaction-detail/君臨天下_26071700220097
油尖旺區,九龍,長旺大廈,Cheong Wang Mansion,1970,3,8927,1900000,210,238,https://hk.centanet.com/findproperty/transaction-detail/長旺大廈_26071700280241
油尖旺區,九龍,中耀樓,Chung Yew Building,1970,3,7470,3000000,332,541,https://hk.centanet.com/findproperty/transaction-detail/中耀樓_26071700280675
油尖旺區,九龍,嘉和大廈,Ka Woo Building,1980,3,10571,5000000,473,473,https://hk.centanet.com/findproperty/transaction-detail/嘉和大廈_26071600120470
油尖旺區,九龍,利奧坊．曦岸,Aquila.Square Mile,2021,3,20000,3880000,193,197,https://hk.centanet.com/findproperty/transaction-detail/利奧坊．曦岸_26071301560269
油尖旺區,九龍,維港灣,Island Harbourview,2000,3,16181,11537000,713,786,https://hk.centanet.com/findproperty/transaction-detail/維港灣_26071301740148
油尖旺區,九龍,利奧坊．壹隅,The Quinn ‧ Square Mile,2024,3,21390,4750000,187,405,https://hk.centanet.com/findproperty/transaction-detail/利奧坊．壹隅_FYB202605S0889
油尖旺區,九龍,One Soho,One Soho,2023,3,19519,6750000,285,374,https://hk.centanet.com/findproperty/transaction-detail/One-Soho_26071000840066
油尖旺區,九龍,富麗閣,Fortune Court,1985,3,12251,2830000,214,231,https://hk.centanet.com/findproperty/transaction-detail/富麗閣_26071001220010
油尖旺區,九龍,港灣豪庭 2期,Metro Harbour View Phase 2,2003,3,16897,5880000,347,369,https://hk.centanet.com/findproperty/transaction-detail/港灣豪庭-2期_KPJ1202606S0233
油尖旺區,九龍,仁賢大廈,Yen Yin Building,1979,2,12440,2575000,207,207,https://hk.centanet.com/findproperty/transaction-detail/仁賢大廈_26072300370091
油尖旺區,九龍,重慶大廈,Chungking Mansion,1961,2,3326,2275000,684,684,https://hk.centanet.com/findproperty/transaction-detail/重慶大廈_26072300510125
油尖旺區,九龍,寶興大樓,Po Hing Building,1970,2,7811,2900000,335,420,https://hk.centanet.com/findproperty/transaction-detail/寶興大樓_26072301310126
油尖旺區,九龍,花墟道60號,60 Flower Market Road,1948,2,6772,5160000,762,762,https://hk.centanet.com/findproperty/transaction-detail/花墟道60號_26072302030175
油尖旺區,九龍,麗星大廈,Lai Shing Building,1963,2,5604,3700000,547,733,https://hk.centanet.com/findproperty/transaction-detail/麗星大廈_26072200270177
油尖旺區,九龍,利奧坊．凱岸,Cetus‧Square Mile,2019,2,20358,5069000,249,249,https://hk.centanet.com/findproperty/transaction-detail/利奧坊．凱岸_FYB202607S0142
油尖旺區,九龍,漾日居 2期,The Waterfront Phase 2,2000,2,23970,24990000,930,1135,https://hk.centanet.com/findproperty/transaction-detail/漾日居-2期_KTU7202607S0068
油尖旺區,九龍,奧城．西岸,Upper West,2016,2,18720,10005000,442,608,https://hk.centanet.com/findproperty/transaction-detail/奧城．西岸_YTM202607S0137
油尖旺區,九龍,安康大廈,On Hong Building,1984,2,12894,3025000,231,238,https://hk.centanet.com/findproperty/transaction-detail/安康大廈_26072000170075
油尖旺區,九龍,文蔚樓,Man Wai Building,1965,2,7832,5150000,565,745,https://hk.centanet.com/findproperty/transaction-detail/文蔚樓_26072000260021
油尖旺區,九龍,形品．星寓,Lime Stardom,2011,2,16658,6430000,386,386,https://hk.centanet.com/findproperty/transaction-detail/形品．星寓_26072001440106
油尖旺區,九龍,文英樓,Man Ying Building,1964,2,7592,4650000,565,665,https://hk.centanet.com/findproperty/transaction-detail/文英樓_26071700240078
油尖旺區,九龍,Larchwood,Larchwood,2024,2,17918,4065000,203,250,https://hk.centanet.com/findproperty/transaction-detail/Larchwood_26071700580136
油尖旺區,九龍,金巴利道26號,No. 26 Kimberley Road,2004,2,16913,5725000,334,343,https://hk.centanet.com/findproperty/transaction-detail/金巴利道26號_26071700800018
油尖旺區,九龍,長寧大廈,Cheung (Cheong) Ling Mansion,1965,2,7020,5800000,780,865,https://hk.centanet.com/findproperty/transaction-detail/長寧大廈_26071600670052
油尖旺區,九龍,華源大廈,Tsim Sha Tsui Mansion,1961,2,8296,4375000,464,586,https://hk.centanet.com/findproperty/transaction-detail/華源大廈_26071600670277
油尖旺區,九龍,衛理苑,Wylie Court,1985,2,20104,27803240,1383,1383,https://hk.centanet.com/findproperty/transaction-detail/衛理苑_26071601280019
油尖旺區,九龍,別樹華軒,Bijou Apartments,2003,2,17578,4620000,242,286,https://hk.centanet.com/findproperty/transaction-detail/別樹華軒_26071500220379
油尖旺區,九龍,文苑樓,Man Yuen Building,1964,2,7549,4265000,565,565,https://hk.centanet.com/findproperty/transaction-detail/文苑樓_26071500270164
油尖旺區,九龍,得寶大廈,Tak Bo Building,1979,2,9927,3950000,389,407,https://hk.centanet.com/findproperty/transaction-detail/得寶大廈_26071500850053
油尖旺區,九龍,The Austin,The Austin,2014,2,29106,16909000,512,646,https://hk.centanet.com/findproperty/transaction-detail/The-Austin_26071500930352
油尖旺區,九龍,豪華閣,Luxury Court,1985,2,11708,3255000,278,278,https://hk.centanet.com/findproperty/transaction-detail/豪華閣_26071501140010
油尖旺區,九龍,長豐大廈,Cheong Fung Mansion,1966,2,5194,2252000,432,436,https://hk.centanet.com/findproperty/transaction-detail/長豐大廈_26071501900377
油尖旺區,九龍,洗衣街215號,215 Sai Yee Street,1957,2,7878,6790000,807,915,https://hk.centanet.com/findproperty/transaction-detail/洗衣街215號_26071301950306
油尖旺區,九龍,洗衣街221號,221 Sai Yee Street,1957,2,7953,7070000,889,889,https://hk.centanet.com/findproperty/transaction-detail/洗衣街221號_26071301950331
油尖旺區,九龍,奧朗．御峰,Park Ivy,2014,2,15155,4880000,322,322,https://hk.centanet.com/findproperty/transaction-detail/奧朗．御峰_26071001660011
油尖旺區,九龍,富裕臺,Fortune Terrace,1978,2,13614,8250000,606,606,https://hk.centanet.com/findproperty/transaction-detail/富裕臺_26070900310425
油尖旺區,九龍,兆豐大廈,Shui Fung Building,1982,2,10582,2635000,249,249,https://hk.centanet.com/findproperty/transaction-detail/兆豐大廈_26070901810046
油尖旺區,九龍,鴻光大廈,Hung Kwong Building,1979,2,11092,4790000,412,452,https://hk.centanet.com/findproperty/transaction-detail/鴻光大廈_26070801910519
油尖旺區,九龍,怡輝大樓,Yee Fai Building,1963,2,7871,3375000,360,518,https://hk.centanet.com/findproperty/transaction-detail/怡輝大樓_26070701190027
油尖旺區,九龍,澤豐大廈,Chak Fung House,1966,2,6980,3830000,540,558,https://hk.centanet.com/findproperty/transaction-detail/澤豐大廈_26070301620283
油尖旺區,九龍,鴻都大廈,Concord Building,1984,2,13984,4390000,310,318,https://hk.centanet.com/findproperty/transaction-detail/鴻都大廈_26063000360229
油尖旺區,九龍,百利達廣場,Paradise Square,2003,2,15363,6925000,368,546,https://hk.centanet.com/findproperty/transaction-detail/百利達廣場_26063000490040
油尖旺區,九龍,逸新,Novi,2019,2,17394,3140000,179,182,https://hk.centanet.com/findproperty/transaction-detail/逸新_26063001680045
油尖旺區,九龍,美麗都大廈,Mirador Mansion,1959,2,6200,3130000,388,662,https://hk.centanet.com/findproperty/transaction-detail/美麗都大廈_26062600970078
油尖旺區,九龍,麥花臣匯,Macpherson Place,2012,1,15114,8388000,555,555,https://hk.centanet.com/findproperty/transaction-detail/麥花臣匯_26072300110012
油尖旺區,九龍,中原樓,Chung Yuen Building,1966,1,8418,2500000,297,297,https://hk.centanet.com/findproperty/transaction-detail/中原樓_26072300180024
油尖旺區,九龍,祐安閣,Yau On Court,2003,1,13208,4200000,318,318,https://hk.centanet.com/findproperty/transaction-detail/祐安閣_26072300660032
油尖旺區,九龍,喜滿懷大廈,Hilmanway Mansion,1981,1,11894,3580000,301,301,https://hk.centanet.com/findproperty/transaction-detail/喜滿懷大廈_26072300660066
油尖旺區,九龍,都會軒,The Metropolis Residence,2002,1,18647,8652000,464,464,https://hk.centanet.com/findproperty/transaction-detail/都會軒_26072300810162
油尖旺區,九龍,豐樂大廈,Windsor Mansions,1960,1,8257,6300000,763,763,https://hk.centanet.com/findproperty/transaction-detail/豐樂大廈_26072301840308
油尖旺區,九龍,旭威閣,Profit Nice Mansion,1999,1,17647,3300000,187,187,https://hk.centanet.com/findproperty/transaction-detail/旭威閣_26072301840409
油尖旺區,九龍,大南花園,Tai Nan Garden,1993,1,10500,2268000,216,216,https://hk.centanet.com/findproperty/transaction-detail/大南花園_26072200610056
油尖旺區,九龍,白加士街66號,66 Parkes Street,1964,1,6656,4000000,601,601,https://hk.centanet.com/findproperty/transaction-detail/白加士街66號_26072201220021
油尖旺區,九龍,華豐大廈,New Lucky House,1964,1,5458,3280000,601,601,https://hk.centanet.com/findproperty/transaction-detail/華豐大廈_26072202050247
油尖旺區,九龍,君頤峰,Parc Palais,2004,1,21523,32500000,1510,1510,https://hk.centanet.com/findproperty/transaction-detail/君頤峰_BDP202607S0153
油尖旺區,九龍,偉利閣,Willie Court,1982,1,10989,3000000,273,273,https://hk.centanet.com/findproperty/transaction-detail/偉利閣_26072100510128
油尖旺區,九龍,僑豐大廈,Kiu Fung Mansion,1963,1,7075,4500000,636,636,https://hk.centanet.com/findproperty/transaction-detail/僑豐大廈_26072101160053
油尖旺區,九龍,好望角大廈,Good Hope Building,1971,1,7899,5150000,652,652,https://hk.centanet.com/findproperty/transaction-detail/好望角大廈_26072102100051
油尖旺區,九龍,金冠樓,Kam Kun House,1972,1,7021,2380000,339,339,https://hk.centanet.com/findproperty/transaction-detail/金冠樓_26072000110721
油尖旺區,九龍,通菜街165號,165 Tung Choi Street,1970,1,6410,4000000,624,624,https://hk.centanet.com/findproperty/transaction-detail/通菜街165號_26072000111080
油尖旺區,九龍,基隆街101A號,101A Ki Lung Street,1971,1,7210,1680000,233,233,https://hk.centanet.com/findproperty/transaction-detail/基隆街101A號_26072000170046
油尖旺區,九龍,連城閣,Lising Court,1979,1,10883,3820000,351,351,https://hk.centanet.com/findproperty/transaction-detail/連城閣_26072000170058
油尖旺區,九龍,百安大廈,Pak On Building,1963,1,8759,6000000,685,685,https://hk.centanet.com/findproperty/transaction-detail/百安大廈_26072000180033
油尖旺區,九龍,長輝大廈,Cheong Fai Mansion,1968,1,8950,1960000,219,219,https://hk.centanet.com/findproperty/transaction-detail/長輝大廈_26072000310017
油尖旺區,九龍,新填地街490號,490 Reclamation Street,1963,1,4977,2135000,429,429,https://hk.centanet.com/findproperty/transaction-detail/新填地街490號_26072000550053
油尖旺區,九龍,賀賢居,Nelson Court,2001,1,16853,9050000,537,537,https://hk.centanet.com/findproperty/transaction-detail/賀賢居_26072000950101
油尖旺區,九龍,東角樓,Tung Kok Building,1963,1,4637,2680000,578,578,https://hk.centanet.com/findproperty/transaction-detail/東角樓_26072001050020
油尖旺區,九龍,根德大廈,Kent Building,1966,1,6286,2200000,350,350,https://hk.centanet.com/findproperty/transaction-detail/根德大廈_26072001350307
油尖旺區,九龍,寶寧大樓,Po Ling Building,1962,1,5147,2800000,544,544,https://hk.centanet.com/findproperty/transaction-detail/寶寧大樓_EWA202607S0076
油尖旺區,九龍,廟街201號,201 Temple Street,1963,1,6972,3200000,459,459,https://hk.centanet.com/findproperty/transaction-detail/廟街201號_26071700280167
油尖旺區,九龍,快富街1K號,1K Fife Street,1962,1,6660,3130000,470,470,https://hk.centanet.com/findproperty/transaction-detail/快富街1K號_26071700280238
油尖旺區,九龍,廣東道1021號,1021 Canton Road,1962,1,6109,3250000,532,532,https://hk.centanet.com/findproperty/transaction-detail/廣東道1021號_26071700280554
油尖旺區,九龍,白加士街85號,85 Parkes Street,1960,1,7835,3800000,485,485,https://hk.centanet.com/findproperty/transaction-detail/白加士街85號_26071700280644
油尖旺區,九龍,東匯大廈,Tung Wui Building,1979,1,11034,3200000,290,290,https://hk.centanet.com/findproperty/transaction-detail/東匯大廈_26071700340026
油尖旺區,九龍,威發大廈,Wai Fat Building,1980,1,12741,3300000,259,259,https://hk.centanet.com/findproperty/transaction-detail/威發大廈_26071700560040
油尖旺區,九龍,上海大廈,Shanghai Building,1973,1,8947,3400000,380,380,https://hk.centanet.com/findproperty/transaction-detail/上海大廈_26071701040051
油尖旺區,九龍,新填地街250號,250 Reclamation Street,1972,1,6842,2340000,342,342,https://hk.centanet.com/findproperty/transaction-detail/新填地街250號_26071701830142
油尖旺區,九龍,美星樓,Mei Shing Building,1965,1,6863,4070000,593,593,https://hk.centanet.com/findproperty/transaction-detail/美星樓_26071600141187
油尖旺區,九龍,泰安閣,Tai On Court,1980,1,9700,4200000,433,433,https://hk.centanet.com/findproperty/transaction-detail/泰安閣_26071600340451
油尖旺區,九龍,百匯軒,Cite 33,2008,1,14074,9500000,675,675,https://hk.centanet.com/findproperty/transaction-detail/百匯軒_26071600670066
油尖旺區,九龍,德利大廈,Tak Lee Building,1978,1,10676,2210000,207,207,https://hk.centanet.com/findproperty/transaction-detail/德利大廈_26071600670129
油尖旺區,九龍,半島大廈,Peninsula Apartments,1958,1,9189,8500000,925,925,https://hk.centanet.com/findproperty/transaction-detail/半島大廈_26071600830046
油尖旺區,九龍,榮德大廈,Wing Tak Building,1965,1,6262,3200000,511,511,https://hk.centanet.com/findproperty/transaction-detail/榮德大廈_26071601000023
油尖旺區,九龍,新填地街32號,32 Reclamation Street,1964,1,5556,2650000,477,477,https://hk.centanet.com/findproperty/transaction-detail/新填地街32號_26071601650054
油尖旺區,九龍,興旺大廈,Hing Wong Mansion,1964,1,5912,3500000,592,592,https://hk.centanet.com/findproperty/transaction-detail/興旺大廈_26071500460013
油尖旺區,九龍,華偉大廈,Wah Wai Mansion,1980,1,11048,3480000,315,315,https://hk.centanet.com/findproperty/transaction-detail/華偉大廈_26071500850064
油尖旺區,九龍,福明大廈,Fuk Ming Building,1974,1,9122,2700000,296,296,https://hk.centanet.com/findproperty/transaction-detail/福明大廈_26071501050014
油尖旺區,九龍,上海街430號,430 Shanghai Street,1969,1,6289,2000000,318,318,https://hk.centanet.com/findproperty/transaction-detail/上海街430號_26071502130064
油尖旺區,九龍,先施大廈,Sincere House,1963,1,5650,4000000,708,708,https://hk.centanet.com/findproperty/transaction-detail/先施大廈_26071400210010
油尖旺區,九龍,仁歡花園,Happy Garden,1984,1,9404,3000000,319,319,https://hk.centanet.com/findproperty/transaction-detail/仁歡花園_26071400250737
油尖旺區,九龍,美邦大廈,May Pont House,1977,1,9236,3048000,330,330,https://hk.centanet.com/findproperty/transaction-detail/美邦大廈_26071400680055
油尖旺區,九龍,擎天半島 2期,Sorrento Phase 2,2003,1,26901,28300000,1052,1052,https://hk.centanet.com/findproperty/transaction-detail/擎天半島-2期_26071401790061
油尖旺區,九龍,厚福街10A號,10A Hau Fook Street,1962,1,6189,4320000,698,698,https://hk.centanet.com/findproperty/transaction-detail/厚福街10A號_26071401940010
油尖旺區,九龍,花園街230號,230 Fa Yuen Street,1955,1,7486,5330000,712,712,https://hk.centanet.com/findproperty/transaction-detail/花園街230號_26071402010039
油尖旺區,九龍,花園街224號,224 Fa Yuen Street,1955,1,7756,5600000,722,722,https://hk.centanet.com/findproperty/transaction-detail/花園街224號_26071402010051
油尖旺區,九龍,旺角大樓,Mong Kok Building,1962,1,7210,3980000,552,552,https://hk.centanet.com/findproperty/transaction-detail/旺角大樓_26071402040029
油尖旺區,九龍,爵士花園,The Regalia,1995,1,13970,12000000,859,859,https://hk.centanet.com/findproperty/transaction-detail/爵士花園_26071402190014
油尖旺區,九龍,永信大樓,Wing Shun Building,1961,1,8889,1600000,180,180,https://hk.centanet.com/findproperty/transaction-detail/永信大樓_26071300030040
油尖旺區,九龍,文豪閣,Man Hoo Court,1978,1,9153,4000000,437,437,https://hk.centanet.com/findproperty/transaction-detail/文豪閣_26071300250161
油尖旺區,九龍,金國中心,The Platinum,2004,1,17557,3880000,221,221,https://hk.centanet.com/findproperty/transaction-detail/金國中心_26071300700296
油尖旺區,九龍,依利大廈,Lisa House,1973,1,8367,4100000,490,490,https://hk.centanet.com/findproperty/transaction-detail/依利大廈_26071301020051
油尖旺區,九龍,快富閣,Fife Court,1994,1,11290,3500000,310,310,https://hk.centanet.com/findproperty/transaction-detail/快富閣_26071301300059
油尖旺區,九龍,西洋菜南街62-64號,62-64 Sai Yeung Choi Street South,1962,1,6404,2600000,406,406,https://hk.centanet.com/findproperty/transaction-detail/西洋菜南街62-64號_26071301330304
油尖旺區,九龍,中興樓,Chung Hing Building,1966,1,7583,1820000,240,240,https://hk.centanet.com/findproperty/transaction-detail/中興樓_26071301450030
油尖旺區,九龍,僑明大廈,Kiu Ming Mansion,1967,1,8696,3400000,391,391,https://hk.centanet.com/findproperty/transaction-detail/僑明大廈_26071301780275
油尖旺區,九龍,洗衣街217號,217 Sai Yee Street,1957,1,7986,6900000,864,864,https://hk.centanet.com/findproperty/transaction-detail/洗衣街217號_26071301950285
油尖旺區,九龍,洗衣街219號,219 Sai Yee Street,1957,1,7929,6970000,879,879,https://hk.centanet.com/findproperty/transaction-detail/洗衣街219號_26071301950346
油尖旺區,九龍,平安大樓,Alhambra Building,1960,1,5995,4400000,734,734,https://hk.centanet.com/findproperty/transaction-detail/平安大樓_26071000200754
油尖旺區,九龍,華新大廈,Wah Sun Building,1978,1,9422,3260000,346,346,https://hk.centanet.com/findproperty/transaction-detail/華新大廈_26071000310027
油尖旺區,九龍,金旺閣,King Wang Heights,1981,1,13240,3800000,287,287,https://hk.centanet.com/findproperty/transaction-detail/金旺閣_26071000330562
油尖旺區,九龍,砵蘭街大廈,Portland Building,1967,1,9873,2330000,236,236,https://hk.centanet.com/findproperty/transaction-detail/砵蘭街大廈_26071000790060
油尖旺區,九龍,洋松街69號,69 Larch Street,1959,1,6207,1260000,203,203,https://hk.centanet.com/findproperty/transaction-detail/洋松街69號_26071000840036
油尖旺區,九龍,富多來新邨 2期,Fu Tor Loy Sun Chuen Phase 2,1980,1,10140,2890000,285,285,https://hk.centanet.com/findproperty/transaction-detail/富多來新邨-2期_26071001120062
油尖旺區,九龍,天文閣,Tin Man Court,1977,1,9524,3600000,378,378,https://hk.centanet.com/findproperty/transaction-detail/天文閣_26071001690022
油尖旺區,九龍,怡寧閣,Elaine Court,1986,1,13008,3330000,256,256,https://hk.centanet.com/findproperty/transaction-detail/怡寧閣_26071001820055
油尖旺區,九龍,亮賢居,Shining Heights,2008,1,15294,8580000,561,561,https://hk.centanet.com/findproperty/transaction-detail/亮賢居_26071002100172
油尖旺區,九龍,廣東道1188-1190A號,1188-1190A Canton Road,1973,1,11673,2930000,251,251,https://hk.centanet.com/findproperty/transaction-detail/廣東道1188-1190A號_26070900270080
油尖旺區,九龍,通菜街57號,57 Tung Choi Street,1958,1,4559,2690000,590,590,https://hk.centanet.com/findproperty/transaction-detail/通菜街57號_26070901430048
油尖旺區,九龍,金唐大廈,Kam Tong Building,1981,1,12297,2730000,222,222,https://hk.centanet.com/findproperty/transaction-detail/金唐大廈_26070800490146
油尖旺區,九龍,富榮樓,Fu Wing Building,1979,1,10256,2800000,273,273,https://hk.centanet.com/findproperty/transaction-detail/富榮樓_26070800710017
油尖旺區,九龍,鴻威大廈,Hung Wai Building,1984,1,14379,4400000,306,306,https://hk.centanet.com/findproperty/transaction-detail/鴻威大廈_26070800850016
油尖旺區,九龍,廣基大廈,Top Jade Mansion,1992,1,12168,3480000,286,286,https://hk.centanet.com/findproperty/transaction-detail/廣基大廈_26070800930202
油尖旺區,九龍,海富苑,Hoi Fu Court,2000,1,12582,2680000,213,213,https://hk.centanet.com/findproperty/transaction-detail/海富苑_26070801890013
油尖旺區,九龍,花園街108號,108 Fa Yuen Street,1964,1,6319,4000000,633,633,https://hk.centanet.com/findproperty/transaction-detail/花園街108號_26070802040013
油尖旺區,九龍,天文臺道16號,16 Observatory Road,1955,1,5634,3600000,639,639,https://hk.centanet.com/findproperty/transaction-detail/天文臺道16號_26070700150044
油尖旺區,九龍,旺角道25號,25 Mong Kok Road,1969,1,6000,1260000,210,210,https://hk.centanet.com/findproperty/transaction-detail/旺角道25號_26070700260017
油尖旺區,九龍,偉基樓,Wai Kee House,1965,1,8763,4478000,511,511,https://hk.centanet.com/findproperty/transaction-detail/偉基樓_26070700990030
油尖旺區,九龍,源發大廈,Yuen Fat Building,1965,1,8621,3500000,406,406,https://hk.centanet.com/findproperty/transaction-detail/源發大廈_26070701310012
油尖旺區,九龍,新填地街607號,607 Reclamation Street,1963,1,5888,2950000,501,501,https://hk.centanet.com/findproperty/transaction-detail/新填地街607號_26070702040015
油尖旺區,九龍,I-Home,I-Home,2009,1,15414,8000000,519,519,https://hk.centanet.com/findproperty/transaction-detail/I-Home_26070702120074
油尖旺區,九龍,界限大樓,Boundary Building,1966,1,7617,3100000,407,407,https://hk.centanet.com/findproperty/transaction-detail/界限大樓_26070600990019
油尖旺區,九龍,康齡大廈,Honland Building,1976,1,7643,3600000,471,471,https://hk.centanet.com/findproperty/transaction-detail/康齡大廈_26070300390042
油尖旺區,九龍,百祥大廈,Pak Cheung Building,1960,1,4591,2300000,501,501,https://hk.centanet.com/findproperty/transaction-detail/百祥大廈_26070300420056
油尖旺區,九龍,新填地街314號,314 Reclamation Street,1964,1,4405,1850000,420,420,https://hk.centanet.com/findproperty/transaction-detail/新填地街314號_26070300420136
油尖旺區,九龍,窩打老道3A號,3A Waterloo Road,1963,1,4948,4280000,865,865,https://hk.centanet.com/findproperty/transaction-detail/窩打老道3A號_26070300620199
油尖旺區,九龍,金滿閣,King Moon Heights,1981,1,9724,3880000,399,399,https://hk.centanet.com/findproperty/transaction-detail/金滿閣_26070200200089
油尖旺區,九龍,振宜大廈,Chun Yee Building,1966,1,5229,4000000,765,765,https://hk.centanet.com/findproperty/transaction-detail/振宜大廈_26063000170015
油尖旺區,九龍,寶寧大廈,Bell House (Block A-C),1969,1,8468,3980000,470,470,https://hk.centanet.com/findproperty/transaction-detail/寶寧大廈_26063000220035
油尖旺區,九龍,勝興樓,Shing Hing Building,1970,1,7399,3300000,446,446,https://hk.centanet.com/findproperty/transaction-detail/勝興樓_26063000380022
油尖旺區,九龍,華樂大廈,Wah Lok Building,1963,1,7127,3150000,442,442,https://hk.centanet.com/findproperty/transaction-detail/華樂大廈_26063000540164
油尖旺區,九龍,廣東道1042號,1042 Canton Road,1964,1,3919,1830000,467,467,https://hk.centanet.com/findproperty/transaction-detail/廣東道1042號_26063000890029
油尖旺區,九龍,匯萃,The Paseo,2016,1,18091,3980000,220,220,https://hk.centanet.com/findproperty/transaction-detail/匯萃_26063001360101
油尖旺區,九龍,金華大廈,Kam Wah Building,1972,1,9662,4000000,414,414,https://hk.centanet.com/findproperty/transaction-detail/金華大廈_26063001360134
油尖旺區,九龍,新漢大樓,Sun Hon House,1976,1,7601,3010000,396,396,https://hk.centanet.com/findproperty/transaction-detail/新漢大樓_26063001660026
油尖旺區,九龍,新填地街192號,192 Reclamation Street,1959,1,7002,2850000,407,407,https://hk.centanet.com/findproperty/transaction-detail/新填地街192號_26063001890078
油尖旺區,九龍,嘉文花園,Carmen's Garden,1997,1,22475,22880000,1018,1018,https://hk.centanet.com/findproperty/transaction-detail/嘉文花園_26063001890265
油尖旺區,九龍,太子大樓,Prince Edward Building,1960,1,8990,5430000,604,604,https://hk.centanet.com/findproperty/transaction-detail/太子大樓_26063002070014
油尖旺區,九龍,寶亨大廈,Po Hang Building,1983,1,14850,5450000,367,367,https://hk.centanet.com/findproperty/transaction-detail/寶亨大廈_26062900281328
油尖旺區,九龍,萬新大廈,Mansun House,1981,1,10756,3700000,344,344,https://hk.centanet.com/findproperty/transaction-detail/萬新大廈_26062900410208
油尖旺區,九龍,樂福大廈,New Knutsford House,1972,1,9351,4180000,447,447,https://hk.centanet.com/findproperty/transaction-detail/樂福大廈_26062900450076
油尖旺區,九龍,鑽石樓,Diamond Building,1965,1,9333,3360000,360,360,https://hk.centanet.com/findproperty/transaction-detail/鑽石樓_26062900490064
油尖旺區,九龍,時興大廈,Chee Hing Building,1989,1,12276,3560000,290,290,https://hk.centanet.com/findproperty/transaction-detail/時興大廈_26062900530056
油尖旺區,九龍,興業樓,Hing Yip House,1986,1,10879,1980000,182,182,https://hk.centanet.com/findproperty/transaction-detail/興業樓_26062900560152
油尖旺區,九龍,文昌樓,Man Cheong Building,1970,1,8839,5480000,620,620,https://hk.centanet.com/findproperty/transaction-detail/文昌樓_26062900670025
油尖旺區,九龍,砵蘭街296號,296 Portland Street,1958,1,5203,3080000,592,592,https://hk.centanet.com/findproperty/transaction-detail/砵蘭街296號_26062900750062
油尖旺區,九龍,榮華大樓,Wing Wah Building,1959,1,5853,3500000,598,598,https://hk.centanet.com/findproperty/transaction-detail/榮華大樓_26062900810097
油尖旺區,九龍,華德大廈,Wah Tak Building,1964,1,8994,1699900,189,189,https://hk.centanet.com/findproperty/transaction-detail/華德大廈_26062900940087
油尖旺區,九龍,Mod595,Mod595,2007,1,14493,7000000,483,483,https://hk.centanet.com/findproperty/transaction-detail/Mod595_26062900990043
油尖旺區,九龍,柯士甸大廈,Austin Mansion,1958,1,7833,4700000,600,600,https://hk.centanet.com/findproperty/transaction-detail/柯士甸大廈_26062901860013
油尖旺區,九龍,花園街102B號,102B Fa Yuen Street,1958,1,4545,2500000,550,550,https://hk.centanet.com/findproperty/transaction-detail/花園街102B號_26062902440042
油尖旺區,九龍,良士大廈,Alpha House,1964,1,6148,3990000,649,649,https://hk.centanet.com/findproperty/transaction-detail/良士大廈_26062600310063
油尖旺區,九龍,利金大樓,Pilkem House,1966,1,8011,3020000,377,377,https://hk.centanet.com/findproperty/transaction-detail/利金大樓_26062600330158
油尖旺區,九龍,韶興大廈,Siu Hing Building,1964,1,8657,5800000,670,670,https://hk.centanet.com/findproperty/transaction-detail/韶興大廈_26062600330316
油尖旺區,九龍,彌敦大廈,Nathan Apartments,1958,1,6388,3980000,623,623,https://hk.centanet.com/findproperty/transaction-detail/彌敦大廈_26062600330480
油尖旺區,九龍,敦成大廈,The Tun Shing Mansion,1966,1,8398,3880000,462,462,https://hk.centanet.com/findproperty/transaction-detail/敦成大廈_26062600330900
油尖旺區,九龍,弼街樓,Bute Street Building,1967,1,10983,3800000,346,346,https://hk.centanet.com/findproperty/transaction-detail/弼街樓_26062600440014
油尖旺區,九龍,耀邦大廈,Yiu Pont House,1980,1,8783,3680000,419,419,https://hk.centanet.com/findproperty/transaction-detail/耀邦大廈_26062601060017
油尖旺區,九龍,利．晴灣 23,L．Living 23,2021,1,17446,8130000,466,466,https://hk.centanet.com/findproperty/transaction-detail/利．晴灣-23_26062601190033
油尖旺區,九龍,新填地街621號,621 Reclamation Street,1957,1,7364,3800000,516,516,https://hk.centanet.com/findproperty/transaction-detail/新填地街621號_26062601980051
油尖旺區,九龍,金瓊樓,King's Mansion,1977,1,11872,5200000,438,438,https://hk.centanet.com/findproperty/transaction-detail/金瓊樓_26062601980412
油尖旺區,九龍,鴻運大樓,Lucky House,1961,1,8315,3800000,457,457,https://hk.centanet.com/findproperty/transaction-detail/鴻運大樓_26062602540535
油尖旺區,九龍,安居大廈,Peaceful Building,1982,1,8891,4250000,478,478,https://hk.centanet.com/findproperty/transaction-detail/安居大廈_26062602690161
深水埗區,九龍,匯璽 2A期,Cullinan West Phase 2A,2017,10,26038,33465000,267,1368,https://hk.centanet.com/findproperty/transaction-detail/匯璽-2A期_26072201200086
深水埗區,九龍,美孚新邨 4期,Mei Foo Sun Chuen Phase 4,1973,9,11158,7630000,510,942,https://hk.centanet.com/findproperty/transaction-detail/美孚新邨-4期_KDM2202607S0060
深水埗區,九龍,匯璽 5期 匯璽III,Cullinan West Phase 5 Cullinan West III,2019,9,23571,8520000,279,1517,https://hk.centanet.com/findproperty/transaction-detail/匯璽-5期-匯璽III_TSH202607S0226
深水埗區,九龍,麗翠苑,Lai Tsui Court,,8,11917,4600000,184,452,https://hk.centanet.com/findproperty/transaction-detail/麗翠苑_UMZ202606S0702
深水埗區,九龍,美孚新邨 3期,Mei Foo Sun Chuen Phase 3,1972,7,11660,7038000,446,976,https://hk.centanet.com/findproperty/transaction-detail/美孚新邨-3期_26072201130332
深水埗區,九龍,匯璽 3期 匯璽ll,Cullinan West Phase 3 Cullinan West II,2017,6,25003,10230000,350,1509,https://hk.centanet.com/findproperty/transaction-detail/匯璽-3期-匯璽II_26072200150013
深水埗區,九龍,美孚新邨 1期,Mei Foo Sun Chuen Phase 1,1968,6,10754,6875000,454,946,https://hk.centanet.com/findproperty/transaction-detail/美孚新邨-1期_FM3202607S0102
深水埗區,九龍,昇悅居,Liberte,2003,5,16634,8600000,491,523,https://hk.centanet.com/findproperty/transaction-detail/昇悅居_BY2202607S0261
深水埗區,九龍,泓景臺 3期,Banyan Garden Phase 3,2004,5,16802,8300000,473,736,https://hk.centanet.com/findproperty/transaction-detail/泓景臺-3期_KVW7202607S0080
深水埗區,九龍,美孚新邨 8期,Mei Foo Sun Chuen Phase 8,1978,5,10388,7430000,663,947,https://hk.centanet.com/findproperty/transaction-detail/美孚新邨-8期_26072201980013
深水埗區,九龍,碧海藍天,Aqua Marine,2003,5,17331,9530000,494,577,https://hk.centanet.com/findproperty/transaction-detail/碧海藍天_26072101750146
深水埗區,九龍,美孚新邨 2期,Mei Foo Sun Chuen Phase 2,1971,5,10925,6970000,532,705,https://hk.centanet.com/findproperty/transaction-detail/美孚新邨-2期_26071000200591
深水埗區,九龍,Belgravia Place 1期,Belgravia Place Phase 1,2025,5,19200,6498800,264,425,https://hk.centanet.com/findproperty/transaction-detail/Belgravia-Place-1期_26070901700039
深水埗區,九龍,李鄭屋邨,Lei Cheng Uk Estate,1989,4,6942,3075000,377,443,https://hk.centanet.com/findproperty/transaction-detail/李鄭屋邨_26072102100106
深水埗區,九龍,又一居,Parc Oasis,1992,4,17766,10580000,584,681,https://hk.centanet.com/findproperty/transaction-detail/又一居_26072102230157
深水埗區,九龍,宇晴軒 2期,The Pacifica Phase 2,2005,4,19494,9300000,449,605,https://hk.centanet.com/findproperty/transaction-detail/宇晴軒-2期_26063000080014
深水埗區,九龍,睿峰,The Vertex,2022,3,17603,7710000,325,639,https://hk.centanet.com/findproperty/transaction-detail/睿峰_KAM6202607S0029
深水埗區,九龍,興隆大廈,Hing Lung Building,1965,3,11754,3150000,108,273,https://hk.centanet.com/findproperty/transaction-detail/興隆大廈_26072001490016
深水埗區,九龍,曼克頓山,Manhattan Hill,2006,3,19838,14000000,558,1361,https://hk.centanet.com/findproperty/transaction-detail/曼克頓山_KFP1202607S0026
深水埗區,九龍,海柏匯,Harbour Park,2018,3,15018,4280000,214,285,https://hk.centanet.com/findproperty/transaction-detail/海柏匯_26071701980022
深水埗區,九龍,盈暉臺,Nob Hill,2002,3,14823,7850000,455,761,https://hk.centanet.com/findproperty/transaction-detail/盈暉臺_26071602080011
深水埗區,九龍,星匯居,The Sparkle,2008,3,15327,7200000,398,720,https://hk.centanet.com/findproperty/transaction-detail/星匯居_26070801030013
深水埗區,九龍,順寧苑,Peaceful Mansion,2001,2,13974,4650000,327,340,https://hk.centanet.com/findproperty/transaction-detail/順寧苑_26072300370077
深水埗區,九龍,畢架山花園 4期,Beacon Heights Phase 4,1987,2,12244,10340000,844,845,https://hk.centanet.com/findproperty/transaction-detail/畢架山花園-4期_26072300620012
深水埗區,九龍,長發大廈,Cheung Fat Mansion,1958,2,4550,2115000,411,511,https://hk.centanet.com/findproperty/transaction-detail/長發大廈_26072102230252
深水埗區,九龍,泓景臺 1期,Banyan Garden Phase 1,2003,2,17084,10125000,501,680,https://hk.centanet.com/findproperty/transaction-detail/泓景臺-1期_YH8202607S0122
深水埗區,九龍,美居中心,Manor Centre,1986,2,13286,3915000,280,310,https://hk.centanet.com/findproperty/transaction-detail/美居中心_26072000110766
深水埗區,九龍,喜漾,Heya Aqua,2016,2,17286,10050000,497,664,https://hk.centanet.com/findproperty/transaction-detail/喜漾_26072000350430
深水埗區,九龍,元安大廈,Un On Building,1964,2,6146,2365000,375,397,https://hk.centanet.com/findproperty/transaction-detail/元安大廈_26072000490035
深水埗區,九龍,美孚新邨 7期,Mei Foo Sun Chuen Phase 7,1976,2,11476,10650000,918,936,https://hk.centanet.com/findproperty/transaction-detail/美孚新邨-7期_26072000540013
深水埗區,九龍,清麗苑,Ching Lai Court,1981,2,11634,4875000,411,426,https://hk.centanet.com/findproperty/transaction-detail/清麗苑_26071700380209
深水埗區,九龍,東蘭閣,Eastland Towers,1968,2,9084,3325000,364,368,https://hk.centanet.com/findproperty/transaction-detail/東蘭閣_26071701830132
深水埗區,九龍,Ava 228,Ava 228,2021,2,16652,3220000,151,238,https://hk.centanet.com/findproperty/transaction-detail/Ava-228_KBK1202607S0025
深水埗區,九龍,喜遇,The Amused,2018,2,15272,4360000,285,286,https://hk.centanet.com/findproperty/transaction-detail/喜遇_26071600120431
深水埗區,九龍,永隆大廈,Wing Lung Building,1964,2,5228,2980000,488,663,https://hk.centanet.com/findproperty/transaction-detail/永隆大廈_26071600460044
深水埗區,九龍,安樂大廈,Comfort Building,1976,2,7155,2075000,290,290,https://hk.centanet.com/findproperty/transaction-detail/安樂大廈_26071601530110
深水埗區,九龍,元州街17號,17 Un Chau Street,1950,2,4051,3426500,830,862,https://hk.centanet.com/findproperty/transaction-detail/元州街17號_26071601750025
深水埗區,九龍,美寧中心,Merlin Centre,1985,2,14316,3830000,264,271,https://hk.centanet.com/findproperty/transaction-detail/美寧中心_26071000580076
深水埗區,九龍,海峯,Vista,2008,2,15728,10950000,677,716,https://hk.centanet.com/findproperty/transaction-detail/海峯_26071000940022
深水埗區,九龍,聯邦閣,Federal Mansion,1981,2,8740,3870000,401,492,https://hk.centanet.com/findproperty/transaction-detail/聯邦閣_26071001760212
深水埗區,九龍,就安大廈,Chew Onn Building,1964,2,5346,2700000,473,539,https://hk.centanet.com/findproperty/transaction-detail/就安大廈_26071001910025
深水埗區,九龍,海華麗軒,Hing Wah Apartments,2000,2,14827,4885000,327,332,https://hk.centanet.com/findproperty/transaction-detail/海華麗軒_26070900500052
深水埗區,九龍,連方 II,Bondlane II,2025,2,16572,4374000,259,268,https://hk.centanet.com/findproperty/transaction-detail/連方-II_26070702160147
深水埗區,九龍,青薈,Giovane,2016,2,17857,4000000,224,224,https://hk.centanet.com/findproperty/transaction-detail/青薈_NMR3202606S0209
深水埗區,九龍,愛海頌,Seaside Sonata,2021,2,17374,10925000,487,772,https://hk.centanet.com/findproperty/transaction-detail/愛海頌_26070600410064
深水埗區,九龍,曉柏峰,The Paddington,2025,2,18270,5085000,191,351,https://hk.centanet.com/findproperty/transaction-detail/曉柏峰_26070601010033
深水埗區,九龍,美孚新邨 5期,Mei Foo Sun Chuen Phase 5,1973,2,11499,8240000,715,718,https://hk.centanet.com/findproperty/transaction-detail/美孚新邨-5期_M.F202606S0193
深水埗區,九龍,喜雅,Heya Green,2013,2,16015,7750000,457,510,https://hk.centanet.com/findproperty/transaction-detail/喜雅_26070200410011
深水埗區,九龍,豐盛大廈,Fung Sing Building,1980,2,8000,3248000,406,406,https://hk.centanet.com/findproperty/transaction-detail/豐盛大廈_26070200900017
深水埗區,九龍,帝景峰 帝景居,Dynasty Heights Sky Lodge,1999,2,17910,12100000,670,681,https://hk.centanet.com/findproperty/transaction-detail/帝景峰-帝景居_26063002280085
深水埗區,九龍,凱樂苑,Hoi Lok Court,2019,1,12817,5050000,394,394,https://hk.centanet.com/findproperty/transaction-detail/凱樂苑_EKF202607S0041
深水埗區,九龍,裕豐樓,Yue Fung House,1958,1,5551,3980000,717,717,https://hk.centanet.com/findproperty/transaction-detail/裕豐樓_26072300290049
深水埗區,九龍,One Madison,One Madison,2008,1,16232,4058000,250,250,https://hk.centanet.com/findproperty/transaction-detail/One-Madison_26072301080033
深水埗區,九龍,寶麗苑,Po Lai Court,1987,1,9639,4000000,415,415,https://hk.centanet.com/findproperty/transaction-detail/寶麗苑_26072301830034
深水埗區,九龍,曉盈,High One Grand,2015,1,17331,5130000,296,296,https://hk.centanet.com/findproperty/transaction-detail/曉盈_26072301840339
深水埗區,九龍,凱德苑,Hoi Tak Court,2020,1,12665,4800000,379,379,https://hk.centanet.com/findproperty/transaction-detail/凱德苑_26072200190028
深水埗區,九龍,南昌樓,Nam Cheong Building,1975,1,5708,2460000,431,431,https://hk.centanet.com/findproperty/transaction-detail/南昌樓_26072200230079
深水埗區,九龍,冠奇大廈,Koon Kay Mansion,1963,1,9032,1680000,186,186,https://hk.centanet.com/findproperty/transaction-detail/冠奇大廈_26072200600098
深水埗區,九龍,明興樓,Ming Hing Lau,1967,1,4615,3000000,650,650,https://hk.centanet.com/findproperty/transaction-detail/明興樓_26072200600109
深水埗區,九龍,恆誠大廈,Hang Shing Building,1973,1,7170,2280000,318,318,https://hk.centanet.com/findproperty/transaction-detail/恆誠大廈_26072200600119
深水埗區,九龍,新寧閣,Sunning Court,1980,1,11468,3750000,327,327,https://hk.centanet.com/findproperty/transaction-detail/新寧閣_26072200780054
深水埗區,九龍,畢架山花園 1期,Beacon Heights Phase 1,1985,1,11800,11800000,1000,1000,https://hk.centanet.com/findproperty/transaction-detail/畢架山花園-1期_26072201290010
深水埗區,九龍,維港滙 1期,Grand Victoria Phase 1,2022,1,23594,7550000,320,320,https://hk.centanet.com/findproperty/transaction-detail/維港滙-1期_26072100400081
深水埗區,九龍,大新大廈,Dah Sing Building,1979,1,9217,2120000,230,230,https://hk.centanet.com/findproperty/transaction-detail/大新大廈_26072100650018
深水埗區,九龍,秀怡閣,Scenic Court,1990,1,7685,2590000,337,337,https://hk.centanet.com/findproperty/transaction-detail/秀怡閣_26072101650074
深水埗區,九龍,寶安閣,Po On Court,1992,1,11483,3950000,344,344,https://hk.centanet.com/findproperty/transaction-detail/寶安閣_26072000300029
深水埗區,九龍,嘉寧閣,Garning Court,1984,1,11714,3280000,280,280,https://hk.centanet.com/findproperty/transaction-detail/嘉寧閣_26072001350112
深水埗區,九龍,丰滙,Trinity Towers,2014,1,14503,10500000,724,724,https://hk.centanet.com/findproperty/transaction-detail/丰滙_EKF202607S0085
深水埗區,九龍,悅雅,The Astro,2019,1,15185,3280000,216,216,https://hk.centanet.com/findproperty/transaction-detail/悅雅_EKF202607S0115
深水埗區,九龍,大南街374號,374 Tai Nan Street,1969,1,5406,3930000,727,727,https://hk.centanet.com/findproperty/transaction-detail/大南街374號_26071700140036
深水埗區,九龍,畢架山花園 3期,Beacon Heights Phase 3,1987,1,10735,13000000,1211,1211,https://hk.centanet.com/findproperty/transaction-detail/畢架山花園-3期_26071700240021
深水埗區,九龍,文裔大廈,Man Yui Building,1969,1,9933,2960000,298,298,https://hk.centanet.com/findproperty/transaction-detail/文裔大廈_26071700280661
深水埗區,九龍,傲凱,Astoria Crest,2018,1,14111,4050000,287,287,https://hk.centanet.com/findproperty/transaction-detail/傲凱_26071700770052
深水埗區,九龍,大元樓,Tai Yuen House,1963,1,5376,2000000,372,372,https://hk.centanet.com/findproperty/transaction-detail/大元樓_26071700950014
深水埗區,九龍,米蘭軒,Milan Place,2003,1,9532,2650000,278,278,https://hk.centanet.com/findproperty/transaction-detail/米蘭軒_26071701500114
深水埗區,九龍,置達大廈,Chi Tat Building,1981,1,11848,2500000,211,211,https://hk.centanet.com/findproperty/transaction-detail/置達大廈_26071702260043
深水埗區,九龍,美孚新邨 6期,Mei Foo Sun Chuen Phase 6,1976,1,9413,8500000,903,903,https://hk.centanet.com/findproperty/transaction-detail/美孚新邨-6期_26071600320286
深水埗區,九龍,正輝大樓,Cheng Fai Building,1967,1,7911,1780000,225,225,https://hk.centanet.com/findproperty/transaction-detail/正輝大樓_26071600670075
深水埗區,九龍,福年大廈,Lucky Time Building,1997,1,10851,3928000,362,362,https://hk.centanet.com/findproperty/transaction-detail/福年大廈_26071500210228
深水埗區,九龍,West Park,West Park,2001,1,15576,5000000,321,321,https://hk.centanet.com/findproperty/transaction-detail/West-Park_26071500270229
深水埗區,九龍,福華街93號,93 Fuk Wa Street,1966,1,7788,810000,104,104,https://hk.centanet.com/findproperty/transaction-detail/福華街93號_26071500310053
深水埗區,九龍,麗寶花園,Lai Bo Garden,1991,1,12005,4850000,404,404,https://hk.centanet.com/findproperty/transaction-detail/麗寶花園_26071501500018
深水埗區,九龍,泓景臺 2期,Banyan Garden Phase 2,2004,1,15363,11000000,716,716,https://hk.centanet.com/findproperty/transaction-detail/泓景臺-2期_26071501700428
深水埗區,九龍,富華廣場,Florence Plaza,1997,1,12135,6480000,534,534,https://hk.centanet.com/findproperty/transaction-detail/富華廣場_26071400580127
深水埗區,九龍,永富大廈,Ever Rich Mansion,1994,1,12723,2850000,224,224,https://hk.centanet.com/findproperty/transaction-detail/永富大廈_26071400680068
深水埗區,九龍,One New York,One New York,2007,1,14751,6800000,461,461,https://hk.centanet.com/findproperty/transaction-detail/One-New-York_26071401790071
深水埗區,九龍,富匯居,Court Regence,2009,1,14686,3980000,271,271,https://hk.centanet.com/findproperty/transaction-detail/富匯居_26071300210061
深水埗區,九龍,北河街55號/大南街287號,55 Pei Ho Street/287 Tai Nan Street,1961,1,5435,4000000,736,736,https://hk.centanet.com/findproperty/transaction-detail/北河街55號-大南街287號_26071300360131
深水埗區,九龍,桂林大廈,Kweilin Mansion,1976,1,8547,3000000,351,351,https://hk.centanet.com/findproperty/transaction-detail/桂林大廈_26071300520032
深水埗區,九龍,祥康大廈,Cheung Hong Building,1966,1,6610,4680000,708,708,https://hk.centanet.com/findproperty/transaction-detail/祥康大廈_26071300660211
深水埗區,九龍,南昌戲院大廈,Nam Cheong Commercial Building,1974,1,8345,3630000,435,435,https://hk.centanet.com/findproperty/transaction-detail/南昌戲院大廈_26071301020039
深水埗區,九龍,慧賢閣,Peony Court,1992,1,11034,3200000,290,290,https://hk.centanet.com/findproperty/transaction-detail/慧賢閣_26071301180072
深水埗區,九龍,龍華大廈,Lung Wa Building,1964,1,4899,2680000,547,547,https://hk.centanet.com/findproperty/transaction-detail/龍華大廈_26071301180091
深水埗區,九龍,嘉威大廈,Galloway Mansion,1982,1,9106,2750000,302,302,https://hk.centanet.com/findproperty/transaction-detail/嘉威大廈_26071301450045
深水埗區,九龍,寶榮大廈,Po Wing Building,1982,1,10309,3000000,291,291,https://hk.centanet.com/findproperty/transaction-detail/寶榮大廈_26071301620016
深水埗區,九龍,嘉寶大廈,Ka Po Building,1964,1,6595,2750000,417,417,https://hk.centanet.com/findproperty/transaction-detail/嘉寶大廈_26071301620025
深水埗區,九龍,又一村花園 3期,Village Gardens Phase 3,1987,1,18664,14950000,801,801,https://hk.centanet.com/findproperty/transaction-detail/又一村花園-3期_26071301810225
深水埗區,九龍,福榮街91號,91 Fuk Wing Street,1960,1,6015,4000000,665,665,https://hk.centanet.com/findproperty/transaction-detail/福榮街91號_26071301850036
深水埗區,九龍,幸俊苑,Hang Chun Court,2001,1,9582,3900000,407,407,https://hk.centanet.com/findproperty/transaction-detail/幸俊苑_26071301920031
深水埗區,九龍,惠康大廈,Wellcome Mansion,1964,1,6239,3600000,577,577,https://hk.centanet.com/findproperty/transaction-detail/惠康大廈_26071000330082
深水埗區,九龍,保安道335-337A號,335-337A Po On Road,1965,1,9876,3180000,322,322,https://hk.centanet.com/findproperty/transaction-detail/保安道335-337A號_26071000330618
深水埗區,九龍,恆成大廈,Hang Shing Building,1964,1,5637,2700000,479,479,https://hk.centanet.com/findproperty/transaction-detail/恆成大廈_26071000330636
深水埗區,九龍,利誠樓,Li Shing House,1967,1,4031,2100000,521,521,https://hk.centanet.com/findproperty/transaction-detail/利誠樓_26071000540022
深水埗區,九龍,景怡峰,Gardenia,2012,1,14596,5780000,396,396,https://hk.centanet.com/findproperty/transaction-detail/景怡峰_26071000580107
深水埗區,九龍,順昌樓,Shun Cheong Building,1987,1,6803,2000000,294,294,https://hk.centanet.com/findproperty/transaction-detail/順昌樓_26071000920022
深水埗區,九龍,景業大廈,King Yip Building,1963,1,8633,3600000,417,417,https://hk.centanet.com/findproperty/transaction-detail/景業大廈_26071001280017
深水埗區,九龍,福榮街104號,104 Fuk Wing Street,1965,1,2611,2000000,766,766,https://hk.centanet.com/findproperty/transaction-detail/福榮街104號_26070900500047
深水埗區,九龍,安寧大廈,On Ning Building,1983,1,11874,2838000,239,239,https://hk.centanet.com/findproperty/transaction-detail/安寧大廈_26070800410097
深水埗區,九龍,友來大廈,Yau Loy Building,1984,1,10939,3030000,277,277,https://hk.centanet.com/findproperty/transaction-detail/友來大廈_26070800480071
深水埗區,九龍,基發樓,Ki Fat Mansion,1977,1,5882,1500000,255,255,https://hk.centanet.com/findproperty/transaction-detail/基發樓_26070801290017
深水埗區,九龍,家壹,The Addition,2021,1,18051,5000000,277,277,https://hk.centanet.com/findproperty/transaction-detail/家壹_26070801780026
深水埗區,九龍,順景閣,Shun King Court,1991,1,10417,3000000,288,288,https://hk.centanet.com/findproperty/transaction-detail/順景閣_26070700290550
深水埗區,九龍,協群樓,Hip Kwan House,1962,1,4782,2300000,481,481,https://hk.centanet.com/findproperty/transaction-detail/協群樓_26070700330034
深水埗區,九龍,鴨寮街200號,200 Apliu Street,1963,1,5600,3500000,625,625,https://hk.centanet.com/findproperty/transaction-detail/鴨寮街200號_26070700330071
深水埗區,九龍,豐盛居,Beacon Lodge,2008,1,14409,6700000,465,465,https://hk.centanet.com/findproperty/transaction-detail/豐盛居_26070701140011
深水埗區,九龍,金安大廈,Kam On Building,1985,1,11222,3288000,293,293,https://hk.centanet.com/findproperty/transaction-detail/金安大廈_26070701230059
深水埗區,九龍,豐洋閣,Fung Yeung Court,1980,1,9524,3600000,378,378,https://hk.centanet.com/findproperty/transaction-detail/豐洋閣_26070600240053
深水埗區,九龍,宇晴軒 1期,The Pacifica Phase 1,2005,1,17651,7890000,447,447,https://hk.centanet.com/findproperty/transaction-detail/宇晴軒-1期_26070600470028
深水埗區,九龍,荔枝角道258號,258 Lai Chi Kok Road,1966,1,3270,2080000,636,636,https://hk.centanet.com/findproperty/transaction-detail/荔枝角道258號_26070601180027
深水埗區,九龍,基隆街114號,114 Ki Lung Street,1976,1,5964,1980000,332,332,https://hk.centanet.com/findproperty/transaction-detail/基隆街114號_26070601470029
深水埗區,九龍,薈悅,The Met. Delight,2015,1,14821,4150000,280,280,https://hk.centanet.com/findproperty/transaction-detail/薈悅_26070601590047
深水埗區,九龍,爾登豪庭,Monte Carlton,2001,1,11007,11700000,1063,1063,https://hk.centanet.com/findproperty/transaction-detail/爾登豪庭_26070601710021
深水埗區,九龍,時尚華庭,The Prominence,2008,1,15164,5080000,335,335,https://hk.centanet.com/findproperty/transaction-detail/時尚華庭_26070300300376
深水埗區,九龍,華麗廣埸,Welland Plaza,1997,1,13506,4700000,348,348,https://hk.centanet.com/findproperty/transaction-detail/華麗廣埸_26070301620317
深水埗區,九龍,安兆樓,On Siu Mansion,1988,1,8244,2300000,279,279,https://hk.centanet.com/findproperty/transaction-detail/安兆樓_26070301620419
深水埗區,九龍,帝景峰 帝景軒,Dynasty Heights Tropicana,1998,1,12962,7920000,611,611,https://hk.centanet.com/findproperty/transaction-detail/帝景峰-帝景軒_26070200540059
深水埗區,九龍,景翠苑,Fairview Garden,1999,1,15523,4750000,306,306,https://hk.centanet.com/findproperty/transaction-detail/景翠苑_26070201010100
深水埗區,九龍,義華大廈,Yee Wa Building,1963,1,5301,3700000,698,698,https://hk.centanet.com/findproperty/transaction-detail/義華大廈_26063000170028
深水埗區,九龍,建文大廈,Kin Man Building,1976,1,9142,4050000,443,443,https://hk.centanet.com/findproperty/transaction-detail/建文大廈_26063000540037
深水埗區,九龍,福昇大廈,Fuk Shing Building,1978,1,10417,3000000,288,288,https://hk.centanet.com/findproperty/transaction-detail/福昇大廈_26063000540265
深水埗區,九龍,金海大廈,Kam Hoi Mansion,1979,1,10881,2100000,193,193,https://hk.centanet.com/findproperty/transaction-detail/金海大廈_26063000810292
深水埗區,九龍,恆富大廈,Everich Building,1983,1,9959,4900000,492,492,https://hk.centanet.com/findproperty/transaction-detail/恆富大廈_26063000830096
深水埗區,九龍,東寧大廈,Tonning Mansion,1989,1,13308,3500000,263,263,https://hk.centanet.com/findproperty/transaction-detail/東寧大廈_26063001520017
深水埗區,九龍,永隆街9號,9 Wing Lung Street,1954,1,5176,7500000,1449,1449,https://hk.centanet.com/findproperty/transaction-detail/永隆街9號_26063001620196
深水埗區,九龍,黃金大廈,Golden Building,1980,1,10231,3550000,347,347,https://hk.centanet.com/findproperty/transaction-detail/黃金大廈_26063002441001
深水埗區,九龍,嘉匯大廈,Ka Wui Building,1970,1,8769,2350000,268,268,https://hk.centanet.com/findproperty/transaction-detail/嘉匯大廈_26063002850092
深水埗區,九龍,民安大廈,Man On Building,1964,1,6989,2600000,372,372,https://hk.centanet.com/findproperty/transaction-detail/民安大廈_26063002920372
深水埗區,九龍,福榮街40A號,40A Fuk Wing Street,1955,1,4385,3280000,748,748,https://hk.centanet.com/findproperty/transaction-detail/福榮街40A號_26062900230039
深水埗區,九龍,三達大廈,Standard Building,1963,1,3851,2168000,563,563,https://hk.centanet.com/findproperty/transaction-detail/三達大廈_26062900480033
深水埗區,九龍,新輝大廈,Sun Fair Building,1975,1,8421,4000000,475,475,https://hk.centanet.com/findproperty/transaction-detail/新輝大廈_26062900530064
深水埗區,九龍,樂年花園,Cronin Garden,1995,1,10520,7280000,692,692,https://hk.centanet.com/findproperty/transaction-detail/樂年花園_26062900530110
深水埗區,九龍,嘉裕居,City Regalia,2002,1,13770,4200000,305,305,https://hk.centanet.com/findproperty/transaction-detail/嘉裕居_26062900750026
深水埗區,九龍,匯寶樓,43A Shek Kip Mei Street,1966,1,4787,1800000,376,376,https://hk.centanet.com/findproperty/transaction-detail/匯寶樓_26062900770018
深水埗區,九龍,晉嶺,Sevilla Crest,2014,1,15808,6750000,427,427,https://hk.centanet.com/findproperty/transaction-detail/晉嶺_26062900940030
深水埗區,九龍,鴻裕大廈,Hung Yu Mansion,1975,1,9827,3980000,405,405,https://hk.centanet.com/findproperty/transaction-detail/鴻裕大廈_26062901270033
深水埗區,九龍,基隆街361號,361 Ki Lung Street,1969,1,5348,2000000,374,374,https://hk.centanet.com/findproperty/transaction-detail/基隆街361號_26062901790030
深水埗區,九龍,Ava 61,Ava 61,2020,1,17391,2800000,161,161,https://hk.centanet.com/findproperty/transaction-detail/Ava-61_26062901890055
深水埗區,九龍,積善大樓,Jackson Building,1976,1,8591,2500000,291,291,https://hk.centanet.com/findproperty/transaction-detail/積善大樓_26062902140030
深水埗區,九龍,基隆街217號,217 Ki Lung Street,1957,1,5023,3280000,653,653,https://hk.centanet.com/findproperty/transaction-detail/基隆街217號_26062902210159
深水埗區,九龍,永寧大廈,Wing Ning Building,1989,1,13019,3450000,265,265,https://hk.centanet.com/findproperty/transaction-detail/永寧大廈_26062600330252
深水埗區,九龍,桂林街83-85號/大南街356號,83-85 Kweilin Street/356 Tai Nan Street,1959,1,4386,3000000,684,684,https://hk.centanet.com/findproperty/transaction-detail/桂林街83-85號-大南街356號_26062600330626
深水埗區,九龍,昌暉大廈,Cheung Fai Building,1984,1,10805,2550000,236,236,https://hk.centanet.com/findproperty/transaction-detail/昌暉大廈_26062600840416
深水埗區,九龍,荔枝角道319-319A號,319-319A Lai Chi Kok Road,1970,1,1887,600000,318,318,https://hk.centanet.com/findproperty/transaction-detail/荔枝角道319-319A號_26062600880030
深水埗區,九龍,時康大廈,Chee Hong Building,1993,1,10783,3580000,332,332,https://hk.centanet.com/findproperty/transaction-detail/時康大廈_26062601190101
深水埗區,九龍,永佳樓,Wing Kai Building,1976,1,7704,1980000,257,257,https://hk.centanet.com/findproperty/transaction-detail/永佳樓_26062601840015
深水埗區,九龍,南昌邨,Nam Cheong Estate,1989,1,6424,2820000,439,439,https://hk.centanet.com/findproperty/transaction-detail/南昌邨_26062601850160
深水埗區,九龍,醫局街169A號,169A Yee Kuk Street,1957,1,2757,1500000,544,544,https://hk.centanet.com/findproperty/transaction-detail/醫局街169A號_26062601980427
深水埗區,九龍,喜盈,Heya Delight,2015,1,14826,7680000,518,518,https://hk.centanet.com/findproperty/transaction-detail/喜盈_26062602040045
深水埗區,九龍,華邦大樓,Wah Pont House,1978,1,12281,2800000,228,228,https://hk.centanet.com/findproperty/transaction-detail/華邦大樓_26062602280118
深水埗區,九龍,曉悅,High One,2016,1,16764,3688000,220,220,https://hk.centanet.com/findproperty/transaction-detail/曉悅_26062602490212
九龍城區,九龍,天璽．天 1期,Cullinan Sky Phase 1,2024,10,26692,10365000,240,1921,https://hk.centanet.com/findproperty/transaction-detail/天璽．天-1期_26072102230186
九龍城區,九龍,黃埔花園 2期 錦桃苑,Whampoa Garden Phase 2 Cherry Mansions,1986,8,15512,6255000,389,466,https://hk.centanet.com/findproperty/transaction-detail/黃埔花園-2期-錦桃苑_YGY202607S0185
九龍城區,九龍,海逸豪園 3期 悅濤灣,Laguna Verde Phase 3 Costa Del Sol,2000,8,17526,15134000,578,1236,https://hk.centanet.com/findproperty/transaction-detail/海逸豪園-3期-悅濤灣_26072300230227
九龍城區,九龍,天寰,Victoria Skye,2018,8,19726,8819000,266,851,https://hk.centanet.com/findproperty/transaction-detail/天寰_26071702170163
九龍城區,九龍,海濱南岸,Harbour Place,2002,7,16944,9980000,432,593,https://hk.centanet.com/findproperty/transaction-detail/海濱南岸_26072202010035
九龍城區,九龍,黃埔新邨,Whampoa Estate,1976,7,12612,5550000,323,494,https://hk.centanet.com/findproperty/transaction-detail/黃埔新邨_26071601930057
九龍城區,九龍,皓畋,Mantin Heights,2017,6,21193,12660000,550,928,https://hk.centanet.com/findproperty/transaction-detail/皓畋_26071701580057
九龍城區,九龍,嘉匯,K. City,2018,5,20769,9450000,358,725,https://hk.centanet.com/findproperty/transaction-detail/嘉匯_26072200350383
九龍城區,九龍,龍譽,Vibe Centro,2018,5,20231,10500000,351,890,https://hk.centanet.com/findproperty/transaction-detail/龍譽_26072201380046
九龍城區,九龍,黃埔花園 3期 翠楊苑,Whampoa Garden Phase 3 Willow Mansions,1986,5,14361,12000000,681,853,https://hk.centanet.com/findproperty/transaction-detail/黃埔花園-3期-翠楊苑_26072101840010
九龍城區,九龍,迎豐,The Zutten,2017,5,17338,4508000,185,283,https://hk.centanet.com/findproperty/transaction-detail/迎豐_26071700580187
九龍城區,九龍,翔龍灣,Grand Waterfront,2006,5,16667,6780000,339,616,https://hk.centanet.com/findproperty/transaction-detail/翔龍灣_26071001520109
九龍城區,九龍,嘉峯匯,K‧Summit,2021,4,21948,10040000,293,762,https://hk.centanet.com/findproperty/transaction-detail/嘉峯匯_26072102230171
九龍城區,九龍,傲雲峰,Sky Tower,2004,4,18052,9075000,452,520,https://hk.centanet.com/findproperty/transaction-detail/傲雲峰_26072000440020
九龍城區,九龍,黃埔花園 11期 紫荊苑,Whampoa Garden Phase 11 Bauhinia Mansions,1989,4,15115,7434000,470,639,https://hk.centanet.com/findproperty/transaction-detail/黃埔花園-11期-紫荊苑_26071700570020
九龍城區,九龍,安和園,On Wo Gardens,1973,4,8462,3475000,262,420,https://hk.centanet.com/findproperty/transaction-detail/安和園_26071400230039
九龍城區,九龍,啟德海灣 1期,Kt Marina Phase 1,2024,3,18105,5540000,306,534,https://hk.centanet.com/findproperty/transaction-detail/啟德海灣-1期_VNL202607S0256
九龍城區,九龍,半島豪庭,Royal Peninsula,2000,3,16545,11500000,440,952,https://hk.centanet.com/findproperty/transaction-detail/半島豪庭_YGY202607S0179
九龍城區,九龍,One Homantin,One Homantin,2017,3,17850,9000000,493,702,https://hk.centanet.com/findproperty/transaction-detail/One-Homantin_26072201790011
九龍城區,九龍,海名軒,Harbourfront Landmark,2001,3,33113,65000000,1580,1963,https://hk.centanet.com/findproperty/transaction-detail/海名軒_26072201790023
九龍城區,九龍,啟德1號 I,One Kai Tak I,2017,3,21638,11490000,367,531,https://hk.centanet.com/findproperty/transaction-detail/啟德1號-I_26072001490108
九龍城區,九龍,萬基大廈,Man Kee Mansion,1966,3,10354,8180000,457,823,https://hk.centanet.com/findproperty/transaction-detail/萬基大廈_26071700990035
九龍城區,九龍,加多利軒,Seven Victory Avenue,2018,3,19924,5350000,264,389,https://hk.centanet.com/findproperty/transaction-detail/加多利軒_26071600900081
九龍城區,九龍,黃埔花園 12期 銀竹苑,Whampoa Garden Phase 12 Bamboo Mansions,1990,3,13580,9600000,607,729,https://hk.centanet.com/findproperty/transaction-detail/黃埔花園-12期-銀竹苑_26071500270048
九龍城區,九龍,巴富花園,Perth Garden,1980,3,12676,12600000,813,994,https://hk.centanet.com/findproperty/transaction-detail/巴富花園_26071401790146
九龍城區,九龍,俊民苑,Chun Man Court,1980,3,9143,4800000,519,554,https://hk.centanet.com/findproperty/transaction-detail/俊民苑_26070701970172
九龍城區,九龍,瑧樺,Timber House,2020,3,19144,4320000,222,269,https://hk.centanet.com/findproperty/transaction-detail/瑧樺_26070600110028
九龍城區,九龍,悅目,La Lumiere,2016,3,16056,6920000,423,431,https://hk.centanet.com/findproperty/transaction-detail/悅目_26070600310143
九龍城區,九龍,譚公大廈,Tam Kung Mansion,1964,2,7833,3940000,503,503,https://hk.centanet.com/findproperty/transaction-detail/譚公大廈_26072300330015
九龍城區,九龍,麗晶樓,Crystal Court,1967,2,11974,8525000,712,712,https://hk.centanet.com/findproperty/transaction-detail/麗晶樓_26072100470048
九龍城區,九龍,Oasis Kai Tak,Oasis Kai Tak,2018,2,21408,9210000,295,545,https://hk.centanet.com/findproperty/transaction-detail/Oasis-Kai-Tak_26072000110733
九龍城區,九龍,太平花園,Peace Garden,1994,2,13304,4555000,304,379,https://hk.centanet.com/findproperty/transaction-detail/太平花園_26072000170027
九龍城區,九龍,海逸豪園 1期 綠庭軒,Laguna Verde Phase 1 Green Wood,1998,2,17304,9290000,532,543,https://hk.centanet.com/findproperty/transaction-detail/海逸豪園-1期-綠庭軒_26072000520212
九龍城區,九龍,冠熹苑,Kwun Hei Court,2000,2,10347,5325000,426,601,https://hk.centanet.com/findproperty/transaction-detail/冠熹苑_26072001110020
九龍城區,九龍,崇信樓,Sung Shun (Shung Shun) House,1973,2,8416,5184000,616,616,https://hk.centanet.com/findproperty/transaction-detail/崇信樓_26071700380190
九龍城區,九龍,帝國大廈,Imperial Court,1960,2,6754,5984000,886,886,https://hk.centanet.com/findproperty/transaction-detail/帝國大廈_26071700700053
九龍城區,九龍,松亭閣,Pine Manor,1979,2,12543,7024000,560,560,https://hk.centanet.com/findproperty/transaction-detail/松亭閣_26071701910088
九龍城區,九龍,維港．星岸,Stars By The Harbour,2015,2,23425,17990000,731,808,https://hk.centanet.com/findproperty/transaction-detail/維港．星岸_26071702000010
九龍城區,九龍,薈點,The Met. Focus,2013,2,14876,3585000,241,241,https://hk.centanet.com/findproperty/transaction-detail/薈點_26071702220495
九龍城區,九龍,碧麗閣,Phoenix Court,1977,2,12394,11040000,800,976,https://hk.centanet.com/findproperty/transaction-detail/碧麗閣_26071600220075
九龍城區,九龍,公主台,Princess Terrace,1967,2,12396,13300000,1073,1073,https://hk.centanet.com/findproperty/transaction-detail/公主台_26071601060025
九龍城區,九龍,寶石戲院大廈,Lux Theatre Building,1970,2,8524,2880000,311,367,https://hk.centanet.com/findproperty/transaction-detail/寶石戲院大廈_26071500210023
九龍城區,九龍,龍圖街11號,11 Lung To Street,1960,2,6558,2925000,446,446,https://hk.centanet.com/findproperty/transaction-detail/龍圖街11號_26071500230084
九龍城區,九龍,翠麗苑,Twilight Court,1975,2,14402,6380000,443,443,https://hk.centanet.com/findproperty/transaction-detail/翠麗苑_26071500270178
九龍城區,九龍,碧華花園,Beverly Villa,1980,2,14640,20980000,1211,1607,https://hk.centanet.com/findproperty/transaction-detail/碧華花園_26071500360019
九龍城區,九龍,金富大廈,Peace Building,1980,2,12562,5725000,445,466,https://hk.centanet.com/findproperty/transaction-detail/金富大廈_26071500370332
九龍城區,九龍,天鑄 2期,Ultima Phase 2,2016,2,33025,54800000,1606,1731,https://hk.centanet.com/findproperty/transaction-detail/天鑄-2期_26071500500060
九龍城區,九龍,馬頭角道109號,109 Ma Tau Kok Road,1959,2,6031,4125000,684,684,https://hk.centanet.com/findproperty/transaction-detail/馬頭角道109號_26071501360014
九龍城區,九龍,翠華大廈,Mandarin Court,1961,2,9728,13440000,1238,1561,https://hk.centanet.com/findproperty/transaction-detail/翠華大廈_26071501670188
九龍城區,九龍,海逸豪園 2期 玉庭軒,Laguna Verde Phase 2 Villa Verde,1999,2,14615,8275000,541,592,https://hk.centanet.com/findproperty/transaction-detail/海逸豪園-2期-玉庭軒_26071501870019
九龍城區,九龍,黃埔花園 9期 百合苑,Whampoa Garden Phase 9 Lily Mansions,1989,2,13406,9875000,708,765,https://hk.centanet.com/findproperty/transaction-detail/黃埔花園-9期-百合苑_26071502010019
九龍城區,九龍,半山壹號 2期 富甲半山,Celestial Heights Phase 2,2009,2,19780,22490000,1137,1137,https://hk.centanet.com/findproperty/transaction-detail/半山壹號-2期-富甲半山_26071401790047
九龍城區,九龍,傲形,Axis,2017,2,16796,3800000,205,246,https://hk.centanet.com/findproperty/transaction-detail/傲形_26071301180084
九龍城區,九龍,家維邨,Ka Wai Chuen,1993,2,9030,6050000,670,670,https://hk.centanet.com/findproperty/transaction-detail/家維邨_26071000530070
九龍城區,九龍,尚．珒溋,Upper Riverbank,2021,2,27294,25400000,760,1072,https://hk.centanet.com/findproperty/transaction-detail/尚．珒溋_26071001570110
九龍城區,九龍,曼翹,Mangrove,2022,2,18778,4075000,186,250,https://hk.centanet.com/findproperty/transaction-detail/曼翹_26070900150270
九龍城區,九龍,城輝大廈,Shing Fai Building,1969,2,8600,3500000,407,407,https://hk.centanet.com/findproperty/transaction-detail/城輝大廈_26070900500070
九龍城區,九龍,海逸豪園 4期(IVA) 海逸灣,Laguna Verde Phase 4(4A) Laguna Grande,2001,2,18506,10280000,555,556,https://hk.centanet.com/findproperty/transaction-detail/海逸豪園-4期-海逸灣_26070901500285
九龍城區,九龍,偉恒昌新邨 昌景閣,Wyler Gardens Chong Chien Court,1978,2,11952,5450000,456,456,https://hk.centanet.com/findproperty/transaction-detail/偉恒昌新邨-昌景閣_26070700590101
九龍城區,九龍,喇沙利道3號,3 La Salle Road,1965,1,12460,14080000,1130,1130,https://hk.centanet.com/findproperty/transaction-detail/喇沙利道3號_LPJ202607S0223
九龍城區,九龍,德威大廈 (一期及二期),Tak Wai Mansion (Phase I&II),1965,1,12272,8750000,713,713,https://hk.centanet.com/findproperty/transaction-detail/德威大廈-一期及二期_YY2202607S0209
九龍城區,九龍,The Henley 1期,The Henley Phase 1,2021,1,23056,4980000,216,216,https://hk.centanet.com/findproperty/transaction-detail/The-Henley-1期_EED202607S0165
九龍城區,九龍,寶能閣,Boland Court,1975,1,13333,7080000,531,531,https://hk.centanet.com/findproperty/transaction-detail/寶能閣_LX9202607S0062
九龍城區,九龍,嘉景花園,Grandview Garden,1994,1,15113,5350000,354,354,https://hk.centanet.com/findproperty/transaction-detail/嘉景花園_26072300120731
九龍城區,九龍,同德大廈,Co-Tack Building,1985,1,10000,2550000,255,255,https://hk.centanet.com/findproperty/transaction-detail/同德大廈_26072300200351
九龍城區,九龍,崑崙閣,Kun Lun Court,1983,1,9569,2000000,209,209,https://hk.centanet.com/findproperty/transaction-detail/崑崙閣_26072301520049
九龍城區,九龍,黃埔街18號,18 Whampoa Street,1957,1,24706,14700000,595,595,https://hk.centanet.com/findproperty/transaction-detail/黃埔街18號_26072301850021
九龍城區,九龍,黃埔街20號,20 Whampoa Street,1957,1,8437,5020000,595,595,https://hk.centanet.com/findproperty/transaction-detail/黃埔街20號_26072301850085
九龍城區,九龍,黃埔街20A號,20A Whampoa Street,1957,1,7552,3640000,482,482,https://hk.centanet.com/findproperty/transaction-detail/黃埔街20A號_26072301850093
九龍城區,九龍,忠信街3號,3 Chung Sun Street,1960,1,5476,2590000,473,473,https://hk.centanet.com/findproperty/transaction-detail/忠信街3號_26072302030166
九龍城區,九龍,Monaco 1期,Monaco Phase 1,2022,1,26113,17600000,674,674,https://hk.centanet.com/findproperty/transaction-detail/Monaco-1期_26072200290014
九龍城區,九龍,匯川大廈,Wui Chuen Building,1980,1,9690,2500000,258,258,https://hk.centanet.com/findproperty/transaction-detail/匯川大廈_26072200350265
九龍城區,九龍,伯爵街2號,2 Earl Street,1955,1,9523,9380000,985,985,https://hk.centanet.com/findproperty/transaction-detail/伯爵街2號_26072200930010
九龍城區,九龍,寶御,Star Ruby,2014,1,14103,4400000,312,312,https://hk.centanet.com/findproperty/transaction-detail/寶御_26072201110100
九龍城區,九龍,鴻運街23號,23 Hung Wan Street,1959,1,7519,4000000,532,532,https://hk.centanet.com/findproperty/transaction-detail/鴻運街23號_26072201260024
九龍城區,九龍,馬頭圍道352-354號,352-354 Ma Tau Wai Road,1965,1,5981,5090000,851,851,https://hk.centanet.com/findproperty/transaction-detail/馬頭圍道352-354號_26072201300031
九龍城區,九龍,嘉輝大廈,Bright Court,1973,1,12805,8080000,631,631,https://hk.centanet.com/findproperty/transaction-detail/嘉輝大廈_26072101790017
九龍城區,九龍,半山壹號 1期,Celestial Heights Phase 1,2009,1,18578,23390000,1259,1259,https://hk.centanet.com/findproperty/transaction-detail/半山壹號-1期_26072101790133
九龍城區,九龍,同順興大廈,Tung Shun Hing Building,1973,1,9025,2500000,277,277,https://hk.centanet.com/findproperty/transaction-detail/同順興大廈_26072101960084
九龍城區,九龍,Double Coast 3期 Double Coast III,Double Coast Phase 3 Double Coast III,2023,1,18281,5850000,320,320,https://hk.centanet.com/findproperty/transaction-detail/Double-Coast-3期-Double-Coast-III_KRM1202607S0061
九龍城區,九龍,嘉樂園,Gallant Villa,1975,1,13448,9750000,725,725,https://hk.centanet.com/findproperty/transaction-detail/嘉樂園_26072000111175
九龍城區,九龍,蟠龍閣,Vista Panorama,1966,1,14102,23000000,1631,1631,https://hk.centanet.com/findproperty/transaction-detail/蟠龍閣_26072000130083
九龍城區,九龍,恆信園,Harrison Court,1972,1,9493,9370000,987,987,https://hk.centanet.com/findproperty/transaction-detail/恆信園_26072000170062
九龍城區,九龍,昌隆閣,Cheron Court,1995,1,11538,3900000,338,338,https://hk.centanet.com/findproperty/transaction-detail/昌隆閣_26072000520195
九龍城區,九龍,北拱街20號,20 Pak Kung Street,1950,1,4784,3980000,832,832,https://hk.centanet.com/findproperty/transaction-detail/北拱街20號_26072000570026
九龍城區,九龍,馬頭圍道342號,342 Ma Tau Wai Road,1958,1,6840,4070000,595,595,https://hk.centanet.com/findproperty/transaction-detail/馬頭圍道342號_26072000920036
九龍城區,九龍,龍邦大樓,Loong Pong House,1979,1,10160,3180000,313,313,https://hk.centanet.com/findproperty/transaction-detail/龍邦大樓_26072001200049
九龍城區,九龍,落山道9A號,9A Lok Shan Road,1956,1,7407,1800000,243,243,https://hk.centanet.com/findproperty/transaction-detail/落山道9A號_26072001270148
九龍城區,九龍,欣圖軒,Cascades,1998,1,9833,5300000,539,539,https://hk.centanet.com/findproperty/transaction-detail/欣圖軒_AZG202606S0735
九龍城區,九龍,僑榮大廈,Kiu Wing Building,1965,1,6200,3230000,521,521,https://hk.centanet.com/findproperty/transaction-detail/僑榮大廈_26071700210020
九龍城區,九龍,譚公道77號,77 Tam Kung Road,1959,1,6678,3940000,590,590,https://hk.centanet.com/findproperty/transaction-detail/譚公道77號_26071700280411
九龍城區,九龍,友誠大廈,Loyal Mansion,1967,1,8889,3280000,369,369,https://hk.centanet.com/findproperty/transaction-detail/友誠大廈_26071700280625
九龍城區,九龍,嶺南大廈,Ling Nam Building,1965,1,7059,2400000,340,340,https://hk.centanet.com/findproperty/transaction-detail/嶺南大廈_26071700280725
九龍城區,九龍,富悅閣,Full Yuet Court,1987,1,10824,3680000,340,340,https://hk.centanet.com/findproperty/transaction-detail/富悅閣_26071700320085
九龍城區,九龍,必嘉坊 2期,Baker Circle One Phase 2,2024,1,19259,5200000,270,270,https://hk.centanet.com/findproperty/transaction-detail/必嘉坊-2期_26071701830071
九龍城區,九龍,華欣閣,Valiant Court,1979,1,13187,4800000,364,364,https://hk.centanet.com/findproperty/transaction-detail/華欣閣_26071702160028
九龍城區,九龍,海逸豪園 5期(IVB) 翠堤灣,Laguna Verde Phase 5(4B) Ocean Vista,2001,1,23483,29800000,1269,1269,https://hk.centanet.com/findproperty/transaction-detail/海逸豪園-5期-翠堤灣_26071702180065
九龍城區,九龍,城南大樓,South Wall Mansion,1966,1,6522,2550000,391,391,https://hk.centanet.com/findproperty/transaction-detail/城南大樓_26071702280039
九龍城區,九龍,喜點,My Place,2015,1,16324,5550000,340,340,https://hk.centanet.com/findproperty/transaction-detail/喜點_KPU3202607S0027
九龍城區,九龍,偉華園,Viva Court,1973,1,11860,12180000,1027,1027,https://hk.centanet.com/findproperty/transaction-detail/偉華園_26071600220083
九龍城區,九龍,22居,22 Parc (Parc 22),1998,1,12714,5200000,409,409,https://hk.centanet.com/findproperty/transaction-detail/22居_26071600580026
九龍城區,九龍,蕪湖街40號,40 Wuhu Street,1957,1,4424,3150000,712,712,https://hk.centanet.com/findproperty/transaction-detail/蕪湖街40號_26071600860019
九龍城區,九龍,七喜大廈,Lucky Building,1964,1,7895,6000000,760,760,https://hk.centanet.com/findproperty/transaction-detail/七喜大廈_26071601070020
九龍城區,九龍,Sky Garden,Sky Garden,2004,1,23672,15150000,640,640,https://hk.centanet.com/findproperty/transaction-detail/Sky-Garden_26071601190015
九龍城區,九龍,達運閣,Devon Court,1975,1,13339,16380000,1228,1228,https://hk.centanet.com/findproperty/transaction-detail/達運閣_26071601590027
九龍城區,九龍,何文田山畔,Homantin Hillside,2016,1,18835,6950000,369,369,https://hk.centanet.com/findproperty/transaction-detail/何文田山畔_26071601630153
九龍城區,九龍,新城中心,Sun Shing Centre,1987,1,12821,3718000,290,290,https://hk.centanet.com/findproperty/transaction-detail/新城中心_26071601650041
九龍城區,九龍,恆康大廈,Evergreen Building,1975,1,10847,3200000,295,295,https://hk.centanet.com/findproperty/transaction-detail/恆康大廈_26071601670016
九龍城區,九龍,康泰閣,Carlton Court,1977,1,11564,8280000,716,716,https://hk.centanet.com/findproperty/transaction-detail/康泰閣_26071602020046
九龍城區,九龍,蕙苑,Verdun Villa,1968,1,14529,18800000,1294,1294,https://hk.centanet.com/findproperty/transaction-detail/蕙苑_26071500270212
九龍城區,九龍,太子道西354號,354 Prince Edward Road West,1980,1,11364,3000000,264,264,https://hk.centanet.com/findproperty/transaction-detail/太子道西354號_26071501730076
九龍城區,九龍,碧麗花園,Bailey Garden,1995,1,13905,5270000,379,379,https://hk.centanet.com/findproperty/transaction-detail/碧麗花園_26071400230044
九龍城區,九龍,曉薈,High Place,2014,1,15743,3180000,202,202,https://hk.centanet.com/findproperty/transaction-detail/曉薈_26071401410015
九龍城區,九龍,尚御,Meridian Hill,2011,1,16991,26200000,1542,1542,https://hk.centanet.com/findproperty/transaction-detail/尚御_26071401440051
九龍城區,九龍,恩賜樓,Grace Mansion,1963,1,3629,3600000,992,992,https://hk.centanet.com/findproperty/transaction-detail/恩賜樓_26071401560037
九龍城區,九龍,傲名,8 Lasalle,2014,1,21822,20600000,944,944,https://hk.centanet.com/findproperty/transaction-detail/傲名_26071401790088
九龍城區,九龍,Caravelle Villa,Caravelle Villa,1963,1,16169,40680000,2516,2516,https://hk.centanet.com/findproperty/transaction-detail/Caravelle-Villa_26071401880012
九龍城區,九龍,德民大廈,Tak Man Building,1984,1,11988,3848000,321,321,https://hk.centanet.com/findproperty/transaction-detail/德民大廈_26071402040034
九龍城區,九龍,碧殿閣,Belvedere Heights,1974,1,10821,12000000,1109,1109,https://hk.centanet.com/findproperty/transaction-detail/碧殿閣_26071402060101
九龍城區,九龍,天璽．海 1期,Cullinan Harbour Phase 1,2025,1,58569,128500000,2194,2194,https://hk.centanet.com/findproperty/transaction-detail/天璽．海-1期_KLH2202606S0250
九龍城區,九龍,Dunbar Place,Dunbar Place,2013,1,20066,24280000,1210,1210,https://hk.centanet.com/findproperty/transaction-detail/Dunbar-Place_26071300520096
九龍城區,九龍,啟朗苑,Kai Long Court,2019,1,14305,6380000,446,446,https://hk.centanet.com/findproperty/transaction-detail/啟朗苑_26071301180022
九龍城區,九龍,東方花園,Oriental Gardens,1967,1,12488,12288000,984,984,https://hk.centanet.com/findproperty/transaction-detail/東方花園_26071301300044
九龍城區,九龍,啟德1號 II,One Kai Tak II,2017,1,20987,11480000,547,547,https://hk.centanet.com/findproperty/transaction-detail/啟德1號-II_26071301810270
九龍城區,九龍,忠信街15號,15 Chung Sun Street,1960,1,5728,2910000,508,508,https://hk.centanet.com/findproperty/transaction-detail/忠信街15號_26071301950293
九龍城區,九龍,文翠閣,Mansion Court,1990,1,15699,8980000,572,572,https://hk.centanet.com/findproperty/transaction-detail/文翠閣_26071000200606
九龍城區,九龍,鷹揚街18號,18 Ying Yeung Street,1959,1,6783,3100000,457,457,https://hk.centanet.com/findproperty/transaction-detail/鷹揚街18號_26071000330075
九龍城區,九龍,鵬程街3號,3 Pang Ching Street,1959,1,7264,3850000,530,530,https://hk.centanet.com/findproperty/transaction-detail/鵬程街3號_26071000330504
九龍城區,九龍,鵬程街17號,17 Pang Ching Street,1959,1,7511,3500000,466,466,https://hk.centanet.com/findproperty/transaction-detail/鵬程街17號_26071000330536
九龍城區,九龍,嘉寶大廈,Ka Bo Mansion,1985,1,11278,3000000,266,266,https://hk.centanet.com/findproperty/transaction-detail/嘉寶大廈_26071000330595
九龍城區,九龍,運通大廈,Wan Tung Building,1980,1,10484,3680000,351,351,https://hk.centanet.com/findproperty/transaction-detail/運通大廈_26071000880045
九龍城區,九龍,嘉景花園大廈,Gallant Garden Mansion,1971,1,10127,8000000,790,790,https://hk.centanet.com/findproperty/transaction-detail/嘉景花園大廈_26071001080026
九龍城區,九龍,馬頭圍道346號,346 Ma Tau Wai Road,1969,1,7500,2250000,300,300,https://hk.centanet.com/findproperty/transaction-detail/馬頭圍道346號_26071001130061
九龍城區,九龍,啟岸,The Vantage,2021,1,18898,7200000,381,381,https://hk.centanet.com/findproperty/transaction-detail/啟岸_26071001560208
九龍城區,九龍,興賢街8號,8 Hing Yin Street,1960,1,6229,2990000,480,480,https://hk.centanet.com/findproperty/transaction-detail/興賢街8號_26071001580010
九龍城區,九龍,寶利唐樓,Bou Lee Building,1964,1,7609,2138000,281,281,https://hk.centanet.com/findproperty/transaction-detail/寶利唐樓_26071001640015
九龍城區,九龍,勝利道1號,One Victory,2011,1,16438,3715000,226,226,https://hk.centanet.com/findproperty/transaction-detail/勝利道1號_26071001820043
九龍城區,九龍,裕新大廈,Yue Sun Mansion,1964,1,5426,3060000,564,564,https://hk.centanet.com/findproperty/transaction-detail/裕新大廈_26071002280020
九龍城區,九龍,聯盛大廈,United Building,1972,1,11063,3175000,287,287,https://hk.centanet.com/findproperty/transaction-detail/聯盛大廈_26070900150162
九龍城區,九龍,紅磡花園,Hunghom Gardens,1990,1,11270,5500000,488,488,https://hk.centanet.com/findproperty/transaction-detail/紅磡花園_26070900480014
九龍城區,九龍,富運大廈,Full Wing Building,1981,1,12673,2750000,217,217,https://hk.centanet.com/findproperty/transaction-detail/富運大廈_26070900710079
九龍城區,九龍,必嘉坊 1期,Baker Circle One Phase 1,2023,1,21912,5500000,251,251,https://hk.centanet.com/findproperty/transaction-detail/必嘉坊-1期_26070901260141
九龍城區,九龍,碧林閣,Bellevue Heights,1981,1,13463,13800000,1025,1025,https://hk.centanet.com/findproperty/transaction-detail/碧林閣_26070901260154
九龍城區,九龍,土瓜灣道122號,122 To Kwa Wan Road,1961,1,8000,5416000,677,677,https://hk.centanet.com/findproperty/transaction-detail/土瓜灣道122號_26070901510014
九龍城區,九龍,啟德道71A號,71A Kai Tak Road,1971,1,7995,2950000,369,369,https://hk.centanet.com/findproperty/transaction-detail/啟德道71A號_26070902010056
九龍城區,九龍,明倫街24A號,24A Ming Lun Street,1960,1,6340,2910000,459,459,https://hk.centanet.com/findproperty/transaction-detail/明倫街24A號_26070800250018
九龍城區,九龍,明倫街20號,20 Ming Lun Street,1960,1,5996,2980000,497,497,https://hk.centanet.com/findproperty/transaction-detail/明倫街20號_26070800250023
九龍城區,九龍,北帝街43-45號,43-45 Pak Tai Street,1964,1,7471,3900000,522,522,https://hk.centanet.com/findproperty/transaction-detail/北帝街43-45號_26070800970024
九龍城區,九龍,維港1號,One Victoria,2022,1,20000,11280000,564,564,https://hk.centanet.com/findproperty/transaction-detail/維港1號_26070801340044
九龍城區,九龍,雅景軒,Grand Villa,2000,1,13976,5800000,415,415,https://hk.centanet.com/findproperty/transaction-detail/雅景軒_26070801370048
九龍城區,九龍,金華大廈,Golden Mansion,1982,1,10605,2980000,281,281,https://hk.centanet.com/findproperty/transaction-detail/金華大廈_26070801370066
九龍城區,九龍,馬頭圍道328號,328 Ma Tau Wai Road,1956,1,6541,4180000,639,639,https://hk.centanet.com/findproperty/transaction-detail/馬頭圍道328號_26070801500012
九龍城區,九龍,協輝大廈,Hip Fai Building,1993,1,11905,4488000,377,377,https://hk.centanet.com/findproperty/transaction-detail/協輝大廈_26070801550025
九龍城區,九龍,晨樂大廈,Morning Joy Building,1979,1,9836,3000000,305,305,https://hk.centanet.com/findproperty/transaction-detail/晨樂大廈_26070700230012
九龍城區,九龍,環海．東岸,Upper East,2018,1,16667,3600000,216,216,https://hk.centanet.com/findproperty/transaction-detail/環海．東岸_26070700290325
九龍城區,九龍,寶利閣,Polly Court,1993,1,13787,3750000,272,272,https://hk.centanet.com/findproperty/transaction-detail/寶利閣_26070700290499
九龍城區,九龍,新勝大樓,Sunshine Building,1975,1,11633,5700000,490,490,https://hk.centanet.com/findproperty/transaction-detail/新勝大樓_26070700290625
九龍城區,九龍,煥然懿居,Eresidence,2020,1,16667,6300000,378,378,https://hk.centanet.com/findproperty/transaction-detail/煥然懿居_26070700540409
九龍城區,九龍,德成樓,Tak Shing House,1976,1,9665,3750000,388,388,https://hk.centanet.com/findproperty/transaction-detail/德成樓_26070700590085
九龍城區,九龍,福禧樓,Fook Hee House,1982,1,8437,3130000,371,371,https://hk.centanet.com/findproperty/transaction-detail/福禧樓_26070702050306
九龍城區,九龍,鹿鳴街21號,21 Luk Ming Street,1960,1,7145,3880000,543,543,https://hk.centanet.com/findproperty/transaction-detail/鹿鳴街21號_26070702120159
九龍城區,九龍,美輪閣,Merlin Court,1975,1,12117,8300000,685,685,https://hk.centanet.com/findproperty/transaction-detail/美輪閣_KCV1202606S0169
九龍城區,九龍,偉恒昌新邨 恒景閣,Wyler Gardens Hang Chien Court,1979,1,11989,4460000,372,372,https://hk.centanet.com/findproperty/transaction-detail/偉恒昌新邨-恒景閣_26070600260162
九龍城區,九龍,首利大廈,Lederle Garden,1966,1,9512,3900000,410,410,https://hk.centanet.com/findproperty/transaction-detail/首利大廈_26070600860019
九龍城區,九龍,康寧花園,Besthing Garden,1998,1,14139,3450000,244,244,https://hk.centanet.com/findproperty/transaction-detail/康寧花園_26070600900013
九龍城區,九龍,標緻大廈,Nice Building,1992,1,9535,3900000,409,409,https://hk.centanet.com/findproperty/transaction-detail/標緻大廈_26070600910060
九龍城區,九龍,秀麗園,Sau Lai Garden,1962,1,10169,27000000,2655,2655,https://hk.centanet.com/findproperty/transaction-detail/秀麗園_26070601630070
九龍城區,九龍,御悅,Baker Residences,2011,1,11706,2950000,252,252,https://hk.centanet.com/findproperty/transaction-detail/御悅_26070601690187
九龍城區,九龍,瓏碧,Allegro,2022,1,19565,8100000,414,414,https://hk.centanet.com/findproperty/transaction-detail/瓏碧_26070601710050
九龍城區,九龍,瑧尚,Artisan Garden,2020,1,18537,5450000,294,294,https://hk.centanet.com/findproperty/transaction-detail/瑧尚_DW5202606S0550
九龍城區,九龍,嘉林邊道15號,15 Grampian Road,1966,1,12440,10400000,836,836,https://hk.centanet.com/findproperty/transaction-detail/嘉林邊道15號_GHC202606S0681
九龍城區,九龍,朗賢峯 2A期,Onmantin Phase 2A,2025,1,24727,22230000,899,899,https://hk.centanet.com/findproperty/transaction-detail/朗賢峯-2A期_KCD2202606S0281
九龍城區,九龍,九龍塘大廈,Kowloon Tong Mansion,1964,1,12898,15000000,1163,1163,https://hk.centanet.com/findproperty/transaction-detail/九龍塘大廈_S.K202606S0729
九龍城區,九龍,安慶大樓,On Hing Mansion,1971,1,9585,3700000,386,386,https://hk.centanet.com/findproperty/transaction-detail/安慶大樓_26070300420043
九龍城區,九龍,馬頭圍道336號,336 Ma Tau Wai Road,1958,1,7395,4400000,595,595,https://hk.centanet.com/findproperty/transaction-detail/馬頭圍道336號_26070300860016
九龍城區,九龍,利．港灣18,L‧Harbour 18,2015,1,18160,7700000,424,424,https://hk.centanet.com/findproperty/transaction-detail/利．港灣18_26070301520026
九龍城區,九龍,碧滿閣,Belmont Heights,1977,1,11155,10530000,944,944,https://hk.centanet.com/findproperty/transaction-detail/碧滿閣_26070301600022
九龍城區,九龍,寶怡大廈,Bowie Mansion,1988,1,11117,4280000,385,385,https://hk.centanet.com/findproperty/transaction-detail/寶怡大廈_26070301790014
九龍城區,九龍,得運大廈,Tak Wun Building,1981,1,9274,2300000,248,248,https://hk.centanet.com/findproperty/transaction-detail/得運大廈_26070301800058
九龍城區,九龍,松園大廈,Chung Yuen Mansion,1961,1,6702,11500000,1716,1716,https://hk.centanet.com/findproperty/transaction-detail/松園大廈_26070200570024
九龍城區,九龍,益發大廈,Yick Fat Mansion,1965,1,7107,7150000,1006,1006,https://hk.centanet.com/findproperty/transaction-detail/益發大廈_26070200630020
九龍城區,九龍,興仁街10號,10 Hing Yan Street,1959,1,5854,2810000,480,480,https://hk.centanet.com/findproperty/transaction-detail/興仁街10號_26070200830019
九龍城區,九龍,定安大廈,Honour Building,1973,1,10740,3340000,311,311,https://hk.centanet.com/findproperty/transaction-detail/定安大廈_26070200970029
九龍城區,九龍,錦堂樓,Kam Tong Building,1967,1,8934,3100000,347,347,https://hk.centanet.com/findproperty/transaction-detail/錦堂樓_26063000220010
九龍城區,九龍,中南大廈,Chung Nam Mansion,1963,1,7921,4000000,505,505,https://hk.centanet.com/findproperty/transaction-detail/中南大廈_26063000250291
九龍城區,九龍,The Henley 3期 The Henley III,The Henley Phase 3 The Henley III,2021,1,22605,5380000,238,238,https://hk.centanet.com/findproperty/transaction-detail/The-Henley-3期-The-Henley-III_26063000280138
九龍城區,九龍,冠暉苑,Kwun Fai Court,1999,1,9402,3930000,418,418,https://hk.centanet.com/findproperty/transaction-detail/冠暉苑_26063000410050
九龍城區,九龍,Ava 55,Ava 55,2019,1,18072,3000000,166,166,https://hk.centanet.com/findproperty/transaction-detail/Ava-55_26063000470248
九龍城區,九龍,美景樓 2期,Mei King Mansion Phase 2,1964,1,7260,2650000,365,365,https://hk.centanet.com/findproperty/transaction-detail/美景樓-2期_26063000540172
九龍城區,九龍,嘉福苑,Lorna Villa,1973,1,11723,13880000,1184,1184,https://hk.centanet.com/findproperty/transaction-detail/嘉福苑_26063001250065
九龍城區,九龍,華發大廈,Wah Fat Building,1975,1,9524,3000000,315,315,https://hk.centanet.com/findproperty/transaction-detail/華發大廈_26063001270012
九龍城區,九龍,駿豪居,One Elegance,2009,1,14843,6130000,413,413,https://hk.centanet.com/findproperty/transaction-detail/駿豪居_26063001390169
九龍城區,九龍,必嘉坊 3期,Baker Circle One Phase 3,2024,1,19163,4120000,215,215,https://hk.centanet.com/findproperty/transaction-detail/必嘉坊-3期_26063001970137
九龍城區,九龍,雅樂園,Happy Garden,1976,1,13629,8150000,598,598,https://hk.centanet.com/findproperty/transaction-detail/雅樂園_26063002250078
九龍城區,九龍,鷹揚街27號,27 Ying Yeung Street,1959,1,6500,1339000,206,206,https://hk.centanet.com/findproperty/transaction-detail/鷹揚街27號_26063002441158
九龍城區,九龍,天虹樓,Tien Hung Building,1976,1,10635,3350000,315,315,https://hk.centanet.com/findproperty/transaction-detail/天虹樓_26063002441539
九龍城區,九龍,Vau Residence,Vau Residence,2023,1,23905,5020000,210,210,https://hk.centanet.com/findproperty/transaction-detail/Vau-Residence_26063002470062
九龍城區,九龍,長樂大廈,Cheong Lok Mansion,1966,1,6250,2100000,336,336,https://hk.centanet.com/findproperty/transaction-detail/長樂大廈_26063002830077
九龍城區,九龍,益豐大廈,I-Feng Mansions,1972,1,5888,2950000,501,501,https://hk.centanet.com/findproperty/transaction-detail/益豐大廈_26063002920241
九龍城區,九龍,豐富大廈,Harvest Mansion,1981,1,9938,3200000,322,322,https://hk.centanet.com/findproperty/transaction-detail/豐富大廈_26062900250143
九龍城區,九龍,德信大廈,Tak Sun Building,1983,1,10924,2600000,238,238,https://hk.centanet.com/findproperty/transaction-detail/德信大廈_26062900250333
九龍城區,九龍,華蕙閣,Wealthy Court,1990,1,8372,2880000,344,344,https://hk.centanet.com/findproperty/transaction-detail/華蕙閣_26062900250657
九龍城區,九龍,永德大廈,Wing Tak Mansion,1979,1,8663,3500000,404,404,https://hk.centanet.com/findproperty/transaction-detail/永德大廈_26062900410213
九龍城區,九龍,金輝樓,Kam Fai Mansion,1980,1,8952,2605000,291,291,https://hk.centanet.com/findproperty/transaction-detail/金輝樓_26062900530171
九龍城區,九龍,龍珠樓,Pearl House,1981,1,9338,2680000,287,287,https://hk.centanet.com/findproperty/transaction-detail/龍珠樓_26062900700055
九龍城區,九龍,喇沙利道20號,20 La Salle Road,1961,1,14282,25380000,1777,1777,https://hk.centanet.com/findproperty/transaction-detail/喇沙利道20號_26062900750149
九龍城區,九龍,港圖灣,Bayview,2012,1,18904,11380000,602,602,https://hk.centanet.com/findproperty/transaction-detail/港圖灣_26062900940120
九龍城區,九龍,富威花園,Fair Way Garden,1984,1,14205,5000000,352,352,https://hk.centanet.com/findproperty/transaction-detail/富威花園_26062901560374
九龍城區,九龍,嘉皇臺,The Palace,2002,1,23855,42080000,1764,1764,https://hk.centanet.com/findproperty/transaction-detail/嘉皇臺_26062901560430
九龍城區,九龍,明倫街10號,10 Ming Lun Street,1960,1,5996,2980000,497,497,https://hk.centanet.com/findproperty/transaction-detail/明倫街10號_26062901640012
九龍城區,九龍,龍翔大廈,Lung Cheung Building,1965,1,10418,6230000,598,598,https://hk.centanet.com/findproperty/transaction-detail/龍翔大廈_26062902020472
九龍城區,九龍,雋瓏,Paxton,2014,1,17438,29000000,1663,1663,https://hk.centanet.com/findproperty/transaction-detail/雋瓏_26062902020747
九龍城區,九龍,東海大樓,Tung Hoi Building,1968,1,8120,2850000,351,351,https://hk.centanet.com/findproperty/transaction-detail/東海大樓_26062902020754
九龍城區,九龍,梭椏道13A號,13A Soares Avenue,1962,1,4960,2500000,504,504,https://hk.centanet.com/findproperty/transaction-detail/梭椏道13A號_26062902210166
九龍城區,九龍,Monaco One 1期,Monaco One Phase 1,2022,1,21189,6950000,328,328,https://hk.centanet.com/findproperty/transaction-detail/Monaco-One-1期_26062902350301
九龍城區,九龍,鵬程街19號,19 Pang Ching Street,1959,1,6438,3000000,466,466,https://hk.centanet.com/findproperty/transaction-detail/鵬程街19號_26062600180387
九龍城區,九龍,黃埔花園 7期 紅棉苑,Whampoa Garden Phase 7 Cotton Tree Mansions,1988,1,15760,10638000,675,675,https://hk.centanet.com/findproperty/transaction-detail/黃埔花園-7期-紅棉苑_26062600180439
九龍城區,九龍,高發大廈,Paramount Mansion,1965,1,7075,3000000,424,424,https://hk.centanet.com/findproperty/transaction-detail/高發大廈_26062600210447
九龍城區,九龍,煥然壹居,De Novo,2015,1,15881,7480000,471,471,https://hk.centanet.com/findproperty/transaction-detail/煥然壹居_26062600211081
九龍城區,九龍,太平居,Peace Tower,1998,1,16077,5000000,311,311,https://hk.centanet.com/findproperty/transaction-detail/太平居_26062600330242
九龍城區,九龍,僑發大廈,Kiu Fat Mansion,1965,1,6386,2350000,368,368,https://hk.centanet.com/findproperty/transaction-detail/僑發大廈_26062600330267
九龍城區,九龍,永耀街27號,27 Wing Yiu Street,1958,1,6494,2500000,385,385,https://hk.centanet.com/findproperty/transaction-detail/永耀街27號_26062600330403
九龍城區,九龍,榮輝大廈,Wing Fai Mansion,1994,1,11605,6000000,517,517,https://hk.centanet.com/findproperty/transaction-detail/榮輝大廈_26062600460017
九龍城區,九龍,碧佳閣,Peony Height,1985,1,12556,6780000,540,540,https://hk.centanet.com/findproperty/transaction-detail/碧佳閣_26062601010102
九龍城區,九龍,美善大廈,Maxim Mansion,1978,1,12118,6350000,524,524,https://hk.centanet.com/findproperty/transaction-detail/美善大廈_26062601080014
九龍城區,九龍,文安大廈,Menon Mansion,1980,1,12290,3220000,262,262,https://hk.centanet.com/findproperty/transaction-detail/文安大廈_26062601080020
九龍城區,九龍,鵬程街8號,8 Pang Ching Street,1959,1,6226,3300000,530,530,https://hk.centanet.com/findproperty/transaction-detail/鵬程街8號_26062601600015
九龍城區,九龍,馬頭圍道350號,350 Ma Tau Wai Road,1957,1,6859,4390000,640,640,https://hk.centanet.com/findproperty/transaction-detail/馬頭圍道350號_26062602010047
九龍城區,九龍,瀚名,10 Lasalle,2020,1,20929,6760000,323,323,https://hk.centanet.com/findproperty/transaction-detail/瀚名_26062602040081
黃大仙區,九龍,東頭(二)邨,Tung Tau (II) Estate,1985,8,6241,2505000,241,494,https://hk.centanet.com/findproperty/transaction-detail/東頭-二-邨_26072300640022
黃大仙區,九龍,譽．港灣,The Latitude,2010,8,18634,12065000,511,889,https://hk.centanet.com/findproperty/transaction-detail/譽．港灣_JSF202607S0098
黃大仙區,九龍,曉暉花園,Scenic View,1999,6,12964,7619000,459,710,https://hk.centanet.com/findproperty/transaction-detail/曉暉花園_KN9202607S0243
黃大仙區,九龍,龍蟠苑,Lung Poon Court,1987,6,11313,4690000,353,645,https://hk.centanet.com/findproperty/transaction-detail/龍蟠苑_JXE202606S0871
黃大仙區,九龍,翠竹花園,Tsui Chuk Garden,1989,6,6957,3925000,431,592,https://hk.centanet.com/findproperty/transaction-detail/翠竹花園_26072101850060
黃大仙區,九龍,星河明居,Galaxia,1998,5,16286,8420000,517,593,https://hk.centanet.com/findproperty/transaction-detail/星河明居_JXE202606S0846
黃大仙區,九龍,峻弦,Aria Kowloon Peak,2010,4,13706,9340000,421,1248,https://hk.centanet.com/findproperty/transaction-detail/峻弦_26070901270019
黃大仙區,九龍,天馬苑,Tin Ma Court,1986,3,9467,3200000,338,363,https://hk.centanet.com/findproperty/transaction-detail/天馬苑_26072201670077
黃大仙區,九龍,悅庭軒,Bel Air Heights,1999,3,15546,7640000,449,577,https://hk.centanet.com/findproperty/transaction-detail/悅庭軒_26072101850035
黃大仙區,九龍,黃大仙下邨(一區),Lower Wong Tai Sin (1) Estate,1989,3,6383,2400000,376,385,https://hk.centanet.com/findproperty/transaction-detail/黃大仙下邨-一區_26071701430084
黃大仙區,九龍,竹園北邨,Chuk Yuen North Estate,1987,3,5932,2360000,263,443,https://hk.centanet.com/findproperty/transaction-detail/竹園北邨_26071600140869
黃大仙區,九龍,威豪花園,Bay View Garden,1989,3,12050,5200000,400,637,https://hk.centanet.com/findproperty/transaction-detail/威豪花園_26071600510021
黃大仙區,九龍,瓊軒苑,King Hin Court,2002,3,8845,3880000,398,554,https://hk.centanet.com/findproperty/transaction-detail/瓊軒苑_26071500690165
黃大仙區,九龍,瓊山苑,King Shan Court,1983,3,7834,3400000,414,434,https://hk.centanet.com/findproperty/transaction-detail/瓊山苑_26071401760013
黃大仙區,九龍,現崇山,Lions Rise,2012,3,18411,13000000,699,944,https://hk.centanet.com/findproperty/transaction-detail/現崇山_26071301160037
黃大仙區,九龍,鑽嶺,Aspen Crest,2018,2,15178,3740000,211,286,https://hk.centanet.com/findproperty/transaction-detail/鑽嶺_BRC202607S0228
黃大仙區,九龍,匯豪山,The Forest Hills,2008,2,13926,7770000,455,665,https://hk.centanet.com/findproperty/transaction-detail/匯豪山_26072300370065
黃大仙區,九龍,嘉強苑,Ka Keung Court,2000,2,10884,4430000,407,407,https://hk.centanet.com/findproperty/transaction-detail/嘉強苑_26072301840371
黃大仙區,九龍,采頤花園,Rhythm Garden,2000,2,10748,6320000,588,588,https://hk.centanet.com/findproperty/transaction-detail/采頤花園_26072200350441
黃大仙區,九龍,鳳德邨,Fung Tak Estate,1991,2,7498,3759000,407,598,https://hk.centanet.com/findproperty/transaction-detail/鳳德邨_26072201360021
黃大仙區,九龍,慈祥大廈,Che Cheung Building,1978,2,8862,2765000,311,313,https://hk.centanet.com/findproperty/transaction-detail/慈祥大廈_26072100510178
黃大仙區,九龍,翠鳳樓,Tsui Fung Building,1971,2,8452,3030000,286,438,https://hk.centanet.com/findproperty/transaction-detail/翠鳳樓_26072102230264
黃大仙區,九龍,豪門,Le Billionnaire,2006,2,13885,12080000,870,870,https://hk.centanet.com/findproperty/transaction-detail/豪門_DW6202607S0073
黃大仙區,九龍,龍暉閣,Dragon Glory Mansion,1993,2,10272,2260000,220,220,https://hk.centanet.com/findproperty/transaction-detail/龍暉閣_26072001390043
黃大仙區,九龍,豪苑,Tropicana Gardens,1985,2,11868,4375000,333,408,https://hk.centanet.com/findproperty/transaction-detail/豪苑_26071600140841
黃大仙區,九龍,啟鑽苑,Kai Chuen Court,,2,12694,5160000,374,441,https://hk.centanet.com/findproperty/transaction-detail/啟鑽苑_26071600740014
黃大仙區,九龍,啟翔苑,Kai Cheung Court,,2,13000,5805000,399,493,https://hk.centanet.com/findproperty/transaction-detail/啟翔苑_26071500560126
黃大仙區,九龍,慈愛苑 1及2期,Tsz Oi Court Stage 1&2,1997,2,8342,5004000,554,645,https://hk.centanet.com/findproperty/transaction-detail/慈愛苑-1及2期_26071000780045
黃大仙區,九龍,康強洋樓,Hong Keung Mansion,1971,2,7956,3525000,384,506,https://hk.centanet.com/findproperty/transaction-detail/康強洋樓_26071001560112
黃大仙區,九龍,慈愛苑 3期,Tsz Oi Court Stage 3,2000,2,8240,4794000,506,650,https://hk.centanet.com/findproperty/transaction-detail/慈愛苑-3期_26070600510249
黃大仙區,九龍,瓊麗苑,King Lai Court,1989,2,8005,3210000,401,401,https://hk.centanet.com/findproperty/transaction-detail/瓊麗苑_26070300620041
黃大仙區,九龍,崇齡大廈,Shung Ling Building,1971,2,8131,2730000,265,403,https://hk.centanet.com/findproperty/transaction-detail/崇齡大廈_26063001880093
黃大仙區,九龍,天宏苑,Tin Wang Court,1992,1,11047,4430000,401,401,https://hk.centanet.com/findproperty/transaction-detail/天宏苑_26072300090071
黃大仙區,九龍,衍慶大廈,Yin Hing Building,1964,1,7772,3000000,386,386,https://hk.centanet.com/findproperty/transaction-detail/衍慶大廈_26072200660291
黃大仙區,九龍,金橋大廈,Cambridge Building,1964,1,7639,2200000,288,288,https://hk.centanet.com/findproperty/transaction-detail/金橋大廈_26071700280397
黃大仙區,九龍,新光中心,Hsin Kuang Centre,1986,1,13508,5160000,382,382,https://hk.centanet.com/findproperty/transaction-detail/新光中心_26071701430069
黃大仙區,九龍,景泰苑,King Tai Court,,1,11189,3200000,286,286,https://hk.centanet.com/findproperty/transaction-detail/景泰苑_26071601530148
黃大仙區,九龍,鳳鑽苑,Fung Chuen Court,1991,1,10435,6240000,598,598,https://hk.centanet.com/findproperty/transaction-detail/鳳鑽苑_26071501570055
黃大仙區,九龍,嘉峰臺 1期,Kingsford Terrace Phase 1,2003,1,9508,5600000,589,589,https://hk.centanet.com/findproperty/transaction-detail/嘉峰臺-1期_26071400210059
黃大仙區,九龍,慈安苑,Tsz On Court,1994,1,9799,5350000,546,546,https://hk.centanet.com/findproperty/transaction-detail/慈安苑_26071401560092
黃大仙區,九龍,新麗景唐樓,New Lai King Building,1964,1,4819,2000000,415,415,https://hk.centanet.com/findproperty/transaction-detail/新麗景唐樓_26071402030226
黃大仙區,九龍,爵祿居,Wealth Court,1999,1,13503,3970000,294,294,https://hk.centanet.com/findproperty/transaction-detail/爵祿居_26071300300204
黃大仙區,九龍,嘉華大廈,Ka Wah Building,1976,1,7917,2280000,288,288,https://hk.centanet.com/findproperty/transaction-detail/嘉華大廈_26071300660180
黃大仙區,九龍,鳳凰邨大廈,Fung Wong Chuen Building,1973,1,7470,3100000,415,415,https://hk.centanet.com/findproperty/transaction-detail/鳳凰邨大廈_26071301730022
黃大仙區,九龍,萬義大廈,Man Yue Mansion (Building),1964,1,4917,2360000,480,480,https://hk.centanet.com/findproperty/transaction-detail/萬義大廈_26071000170064
黃大仙區,九龍,安強大樓,On Keung Building,1963,1,4899,1700000,347,347,https://hk.centanet.com/findproperty/transaction-detail/安強大樓_26071000920044
黃大仙區,九龍,伯德大樓,Peter's House,1983,1,10652,3760000,353,353,https://hk.centanet.com/findproperty/transaction-detail/伯德大樓_26070900270036
黃大仙區,九龍,安福大樓,On Fook Building,1963,1,4304,1700000,395,395,https://hk.centanet.com/findproperty/transaction-detail/安福大樓_26070800490156
黃大仙區,九龍,越秀廣場,Yue Xiu Plaza,1995,1,11537,6530000,566,566,https://hk.centanet.com/findproperty/transaction-detail/越秀廣場_26070801540023
黃大仙區,九龍,聯合大樓,Luen Hop Building,1965,1,7322,1318000,180,180,https://hk.centanet.com/findproperty/transaction-detail/聯合大樓_26070600910053
黃大仙區,九龍,景福街61號,61 King Fuk Street,1964,1,4868,2580000,530,530,https://hk.centanet.com/findproperty/transaction-detail/景福街61號_26070601470052
黃大仙區,九龍,怡富花園,Wealth Garden,1994,1,11884,4730000,398,398,https://hk.centanet.com/findproperty/transaction-detail/怡富花園_26062900300033
黃大仙區,九龍,新麗花園,Sun Lai Garden,1985,1,9585,3700000,386,386,https://hk.centanet.com/findproperty/transaction-detail/新麗花園_26062901710151
黃大仙區,九龍,萬年戲院大廈,Manning Theatre Building,1973,1,6933,3300000,476,476,https://hk.centanet.com/findproperty/transaction-detail/萬年戲院大廈_26062601290126
觀塘區,九龍,德福花園,Telford Gardens,1980,10,11438,6100000,517,588,https://hk.centanet.com/findproperty/transaction-detail/德福花園_26072300370131
觀塘區,九龍,淘大花園 1期,Amoy Gardens Phase 1,1981,8,13462,5075000,375,390,https://hk.centanet.com/findproperty/transaction-detail/淘大花園-1期_26072101590146
觀塘區,九龍,匯景花園,Sceneway Garden,1991,8,13292,7625000,537,720,https://hk.centanet.com/findproperty/transaction-detail/匯景花園_26071501040098
觀塘區,九龍,麗晶花園,Richland Gardens,1985,7,10177,4580000,407,540,https://hk.centanet.com/findproperty/transaction-detail/麗晶花園_26072300210168
觀塘區,九龍,凱滙 2期,Grand Central Phase 2,2020,7,18281,11200000,544,803,https://hk.centanet.com/findproperty/transaction-detail/凱滙-2期_EAC202607S0129
觀塘區,九龍,淘大花園 3期,Amoy Gardens Phase 3,1985,6,13994,4390000,285,368,https://hk.centanet.com/findproperty/transaction-detail/淘大花園-3期_26072300370159
觀塘區,九龍,麗港城 1期,Laguna City Phase 1,1990,5,10294,6338000,517,748,https://hk.centanet.com/findproperty/transaction-detail/麗港城-1期_26072200200750
觀塘區,九龍,得寶花園,Tak Bo Garden,1984,5,13241,4050000,253,382,https://hk.centanet.com/findproperty/transaction-detail/得寶花園_26072201670016
觀塘區,九龍,麗港城 4期,Laguna City Phase 4,1993,5,11939,8930000,517,748,https://hk.centanet.com/findproperty/transaction-detail/麗港城-4期_26072100400076
觀塘區,九龍,麗港城 3期,Laguna City Phase 3,1992,5,12727,8900000,517,748,https://hk.centanet.com/findproperty/transaction-detail/麗港城-3期_26071301810243
觀塘區,九龍,凱滙 1期,Grand Central Phase 1,2020,4,18293,11965000,462,860,https://hk.centanet.com/findproperty/transaction-detail/凱滙-1期_EAC202607S0204
觀塘區,九龍,朗譽,Chill Residence,2025,4,16122,4990000,245,474,https://hk.centanet.com/findproperty/transaction-detail/朗譽_KYO1202607S0059
觀塘區,九龍,親海駅 1期 親海駅I,The Coast Line Phase 1 The Coast Line I,2024,4,16790,4690000,273,736,https://hk.centanet.com/findproperty/transaction-detail/親海駅-1期-親海駅I_26072201380034
觀塘區,九龍,康田苑,Hong Tin Court,1981,4,10832,4440000,400,420,https://hk.centanet.com/findproperty/transaction-detail/康田苑_26072100120034
觀塘區,九龍,康雅苑,Hong Nga Court,1993,3,7394,4000000,538,541,https://hk.centanet.com/findproperty/transaction-detail/康雅苑_KLD202607S0242
觀塘區,九龍,啟田大廈,Kai Tin Tower,1979,3,8823,4138200,469,526,https://hk.centanet.com/findproperty/transaction-detail/啟田大廈_26072301100020
觀塘區,九龍,寶珮苑,Po Pui Court,1995,3,8372,4550000,401,645,https://hk.centanet.com/findproperty/transaction-detail/寶珮苑_26071700270119
觀塘區,九龍,泰峯,Uptown East,2024,3,16310,5480000,278,549,https://hk.centanet.com/findproperty/transaction-detail/泰峯_26071501040103
觀塘區,九龍,嘉和園,Jade Field Garden,1977,3,10116,3700000,346,403,https://hk.centanet.com/findproperty/transaction-detail/嘉和園_KN9202607S0006
觀塘區,九龍,德田邨,Tak Tin Estate,1991,3,5643,1680000,146,443,https://hk.centanet.com/findproperty/transaction-detail/德田邨_26071301810346
觀塘區,九龍,觀塘大廈,Kwun Tong Mansion,1965,3,8514,3380000,238,397,https://hk.centanet.com/findproperty/transaction-detail/觀塘大廈_26071002090025
觀塘區,九龍,翠屏(北)邨,Tsui Ping (North) Estate,1986,3,4509,1700000,145,377,https://hk.centanet.com/findproperty/transaction-detail/翠屏-北-邨_26071002210042
觀塘區,九龍,蔚藍東岸,Montego Bay,2023,2,17157,8400000,460,520,https://hk.centanet.com/findproperty/transaction-detail/蔚藍東岸_YEH202607S0231
觀塘區,九龍,樂雅苑,Lok Nga Court,1984,2,9598,4460000,447,483,https://hk.centanet.com/findproperty/transaction-detail/樂雅苑_KN9202607S0173
觀塘區,九龍,彩霞邨,Choi Ha Estate,1990,2,6882,3205000,443,489,https://hk.centanet.com/findproperty/transaction-detail/彩霞邨_26072300510096
觀塘區,九龍,萬福大廈,Man Fuk Building,1972,2,8720,3710000,410,440,https://hk.centanet.com/findproperty/transaction-detail/萬福大廈_26072301720011
觀塘區,九龍,油塘中心,Yau Tong Centre,1980,2,9658,4540000,404,536,https://hk.centanet.com/findproperty/transaction-detail/油塘中心_26071601180032
觀塘區,九龍,乾豐大廈,Kin Fung Building,1971,2,6617,2349000,355,355,https://hk.centanet.com/findproperty/transaction-detail/乾豐大廈_26071501590021
觀塘區,九龍,Peninsula East,Peninsula East,2016,2,13522,10375000,547,1000,https://hk.centanet.com/findproperty/transaction-detail/Peninsula-East_26071401710023
觀塘區,九龍,月明樓,Yuet Ming Building,1974,2,7899,4030000,501,520,https://hk.centanet.com/findproperty/transaction-detail/月明樓_26071300230128
觀塘區,九龍,觀月‧樺峯,Park Metropolitan,2014,2,14648,8115000,521,588,https://hk.centanet.com/findproperty/transaction-detail/觀月‧樺峯_26071301860035
觀塘區,九龍,合和大廈,Hopewell House,1967,2,7370,2784000,328,415,https://hk.centanet.com/findproperty/transaction-detail/合和大廈_26071002090073
觀塘區,九龍,華苑大廈,Mandarin Building,1970,2,9440,3965000,420,420,https://hk.centanet.com/findproperty/transaction-detail/華苑大廈_26070701600049
觀塘區,九龍,康栢苑,Hong Pak Court,1993,2,8364,4634000,554,554,https://hk.centanet.com/findproperty/transaction-detail/康栢苑_26070301620455
觀塘區,九龍,高俊苑,Ko Chun Court,1995,2,8680,4890000,527,594,https://hk.centanet.com/findproperty/transaction-detail/高俊苑_26063002260054
觀塘區,九龍,麗港城 2期,Laguna City Phase 2,1991,2,11828,6115000,517,517,https://hk.centanet.com/findproperty/transaction-detail/麗港城-2期_26062901210070
觀塘區,九龍,南僑大樓,Nam Kiu Mansion,1966,2,5554,1805000,325,325,https://hk.centanet.com/findproperty/transaction-detail/南僑大樓_26062901560065
觀塘區,九龍,定興大廈,Ting Hing Building,1981,1,9338,2680000,287,287,https://hk.centanet.com/findproperty/transaction-detail/定興大廈_26072300860178
觀塘區,九龍,富華閣,Fu Wah Court,1978,1,7054,3400000,482,482,https://hk.centanet.com/findproperty/transaction-detail/富華閣_26072100510109
觀塘區,九龍,祐福大樓,Yau Fook Building,1967,1,9836,3000000,305,305,https://hk.centanet.com/findproperty/transaction-detail/祐福大樓_26072001370134
觀塘區,九龍,遠景大廈,Far View Mansion,1966,1,9375,4500000,480,480,https://hk.centanet.com/findproperty/transaction-detail/遠景大廈_26072001720166
觀塘區,九龍,瓊林大廈,Kentlum Mansion,1983,1,13523,3800000,281,281,https://hk.centanet.com/findproperty/transaction-detail/瓊林大廈_KLD202607S0054
觀塘區,九龍,集景樓,Tsap King Mansion,1966,1,8824,3000000,340,340,https://hk.centanet.com/findproperty/transaction-detail/集景樓_26071700010017
觀塘區,九龍,多喜大廈,Happy Building,1965,1,8174,3760000,460,460,https://hk.centanet.com/findproperty/transaction-detail/多喜大廈_26071701580100
觀塘區,九龍,啟泰苑,Kai Tai Court,1983,1,9249,5050000,546,546,https://hk.centanet.com/findproperty/transaction-detail/啟泰苑_26071702260091
觀塘區,九龍,嘉賢居,The Spectacle,2009,1,12279,6680000,544,544,https://hk.centanet.com/findproperty/transaction-detail/嘉賢居_26071601550030
觀塘區,九龍,安樂花園大廈,On Lok Garden Mansion,1965,1,8252,5380000,652,652,https://hk.centanet.com/findproperty/transaction-detail/安樂花園大廈_26071601910036
觀塘區,九龍,寶恩大廈,Bo Yan Building,1991,1,11650,4800000,412,412,https://hk.centanet.com/findproperty/transaction-detail/寶恩大廈_26071501500100
觀塘區,九龍,彩興苑,Choi Hing Court,2019,1,11390,5000000,439,439,https://hk.centanet.com/findproperty/transaction-detail/彩興苑_26071501500137
觀塘區,九龍,Koko Hills 3B期 Koko Mare,Koko Hills Phase 3B Koko Mare,2023,1,16769,8200000,489,489,https://hk.centanet.com/findproperty/transaction-detail/Koko-Hills-3B期-Koko-Mare_KCZ1202607S0006
觀塘區,九龍,福興樓,Fook Hing Court,1967,1,5132,1550000,302,302,https://hk.centanet.com/findproperty/transaction-detail/福興樓_26071401600145
觀塘區,九龍,晨星樓,Morning Star Mansion,1970,1,6369,3000000,471,471,https://hk.centanet.com/findproperty/transaction-detail/晨星樓_26071401950012
觀塘區,九龍,順景大樓,Shun King Building,1966,1,8197,2500000,305,305,https://hk.centanet.com/findproperty/transaction-detail/順景大樓_26071300660108
觀塘區,九龍,淘大花園 2A期,Amoy Gardens Phase 2A,1984,1,13729,5368000,391,391,https://hk.centanet.com/findproperty/transaction-detail/淘大花園-2A期_26071301810159
觀塘區,九龍,南泰大樓,Nam Tai Mansion,1965,1,5424,1600000,295,295,https://hk.centanet.com/findproperty/transaction-detail/南泰大樓_26071301810290
觀塘區,九龍,瑞和大廈,Shui Wo House,1970,1,9057,2400000,265,265,https://hk.centanet.com/findproperty/transaction-detail/瑞和大廈_26071000330708
觀塘區,九龍,捷煌樓,Chit Wong Mansion,1971,1,5179,2020000,390,390,https://hk.centanet.com/findproperty/transaction-detail/捷煌樓_26071001950015
觀塘區,九龍,仁安大廈,Yan On Mansion,1965,1,6261,2880000,460,460,https://hk.centanet.com/findproperty/transaction-detail/仁安大廈_26071002040054
觀塘區,九龍,Koko Hills 1期,Koko Hills Phase 1,2021,1,17769,13700000,771,771,https://hk.centanet.com/findproperty/transaction-detail/Koko-Hills-1期_26070801970045
觀塘區,九龍,海傲灣,One East Coast,2019,1,15094,4000000,265,265,https://hk.centanet.com/findproperty/transaction-detail/海傲灣_26070700540371
觀塘區,九龍,安德大廈,On Tak Building,1974,1,10476,3300000,315,315,https://hk.centanet.com/findproperty/transaction-detail/安德大廈_26070701680105
觀塘區,九龍,雲漢大樓,Wan Hon Mansion,1971,1,5554,1555000,280,280,https://hk.centanet.com/findproperty/transaction-detail/雲漢大樓_26070702140012
觀塘區,九龍,宏光樓,Wang Kwong Building,1977,1,9616,3760000,391,391,https://hk.centanet.com/findproperty/transaction-detail/宏光樓_26070600570274
觀塘區,九龍,官塘立成大廈,Kwun Tong Lap Shing Building,1963,1,5373,3600000,670,670,https://hk.centanet.com/findproperty/transaction-detail/官塘立成大廈_26070300190098
觀塘區,九龍,安基苑,On Kay Court,1982,1,5255,2880000,548,548,https://hk.centanet.com/findproperty/transaction-detail/安基苑_26070300620179
觀塘區,九龍,南康大廈,Nam Hong Building,1976,1,8660,8400000,970,970,https://hk.centanet.com/findproperty/transaction-detail/南康大廈_26070300730061
觀塘區,九龍,曉光閣,Hiu Kwong Court,1979,1,7168,3240000,452,452,https://hk.centanet.com/findproperty/transaction-detail/曉光閣_26070301670079
觀塘區,九龍,興田邨,Hing Tin Estate,1987,1,5772,2580000,447,447,https://hk.centanet.com/findproperty/transaction-detail/興田邨_26070301800020
觀塘區,九龍,鯉灣天下,Canaryside,2006,1,13101,8725000,666,666,https://hk.centanet.com/findproperty/transaction-detail/鯉灣天下_26063000770021
觀塘區,九龍,偉景樓,Wai King Building,1973,1,11224,4400000,392,392,https://hk.centanet.com/findproperty/transaction-detail/偉景樓_26063000810269
觀塘區,九龍,億富樓,Yick Fu House,1979,1,8143,2500000,307,307,https://hk.centanet.com/findproperty/transaction-detail/億富樓_26063001430024
觀塘區,九龍,康逸苑,Hong Yat Court,2001,1,9585,4850000,506,506,https://hk.centanet.com/findproperty/transaction-detail/康逸苑_26063002920426
觀塘區,九龍,安寧大廈,On Ning Building,1965,1,8525,2600000,305,305,https://hk.centanet.com/findproperty/transaction-detail/安寧大廈_26062900281200
觀塘區,九龍,益利大廈,Elly House,1974,1,9829,2880000,293,293,https://hk.centanet.com/findproperty/transaction-detail/益利大廈_26062901360110
觀塘區,九龍,志恆樓,Chi Hang Building,1962,1,7081,4900000,692,692,https://hk.centanet.com/findproperty/transaction-detail/志恆樓_26062901560354
觀塘區,九龍,油翠苑,Yau Chui Court,2002,1,10452,5780000,553,553,https://hk.centanet.com/findproperty/transaction-detail/油翠苑_26062901560418
觀塘區,九龍,康華苑,Hong Wah Court,1987,1,8105,3080000,380,380,https://hk.centanet.com/findproperty/transaction-detail/康華苑_26062902150031
觀塘區,九龍,淘大花園 3B期,Amoy Gardens Phase 3B,1987,1,10882,5180000,476,476,https://hk.centanet.com/findproperty/transaction-detail/淘大花園-3B期_KTE3202606S0087
觀塘區,九龍,利基大廈,Lee Kee Building,1978,1,9660,4550000,471,471,https://hk.centanet.com/findproperty/transaction-detail/利基大廈_26062600211098
觀塘區,九龍,月華大廈,Yuet Wah Mansion,1965,1,6907,6700000,970,970,https://hk.centanet.com/findproperty/transaction-detail/月華大廈_26062601850100
觀塘區,九龍,祥和苑,Cheung Wo Court,1984,1,6866,3900000,568,568,https://hk.centanet.com/findproperty/transaction-detail/祥和苑_26062601860039
觀塘區,九龍,順緻苑,Shun Chi Court,1980,1,6289,3000000,477,477,https://hk.centanet.com/findproperty/transaction-detail/順緻苑_26062601870031
觀塘區,九龍,瑞寧樓,Shui Ning House,1969,1,7598,1930000,254,254,https://hk.centanet.com/findproperty/transaction-detail/瑞寧樓_26062602250245
觀塘區,九龍,康麗園,Connie Towers,1973,1,8295,3650000,440,440,https://hk.centanet.com/findproperty/transaction-detail/康麗園_26062602440058
荃灣區,新界,荃灣中心,Tsuen Wan Centre,1980,12,10160,3800000,324,515,https://hk.centanet.com/findproperty/transaction-detail/荃灣中心_26071702220488
荃灣區,新界,海濱花園,Riviera Gardens,1988,9,10261,5560000,422,700,https://hk.centanet.com/findproperty/transaction-detail/海濱花園_TAH202607S0014
荃灣區,新界,荃威花園,Allway Garden,1978,8,8174,3990000,439,536,https://hk.centanet.com/findproperty/transaction-detail/荃威花園_26072100120057
荃灣區,新界,綠楊新邨,Luk Yeung Sun Chuen,1983,7,13193,6300000,445,582,https://hk.centanet.com/findproperty/transaction-detail/綠楊新邨_NTD2202607S0075
荃灣區,新界,映日灣,The Aurora,2020,7,20095,6400000,219,442,https://hk.centanet.com/findproperty/transaction-detail/映日灣_26072300680034
荃灣區,新界,麗城花園 2期,Belvedere Garden Phase 2,1989,7,9731,6380000,572,668,https://hk.centanet.com/findproperty/transaction-detail/麗城花園-2期_26072200200723
荃灣區,新界,豪景花園 3期,Hong Kong Garden Phase 3,1990,6,7848,6215000,792,947,https://hk.centanet.com/findproperty/transaction-detail/豪景花園-3期_HKG202607S0159
荃灣區,新界,海之戀 3期,Ocean Pride Phase 3,2018,6,18745,14440000,369,777,https://hk.centanet.com/findproperty/transaction-detail/海之戀-3期_26072201130362
荃灣區,新界,珀麗灣 1期,Park Island Phase 1,2002,6,11496,6075000,378,1129,https://hk.centanet.com/findproperty/transaction-detail/珀麗灣-1期_26072000380359
荃灣區,新界,海之戀 3期A 海之戀．愛炫美,Ocean Pride Phase 3A Ocean Supreme,2018,6,19810,10440000,524,1163,https://hk.centanet.com/findproperty/transaction-detail/海之戀-3期A-海之戀．愛炫美_26071401970313
荃灣區,新界,柏傲灣,The Pavilia Bay,2018,5,18240,7150000,318,1038,https://hk.centanet.com/findproperty/transaction-detail/柏傲灣_26072200170088
荃灣區,新界,豪景花園 1期,Hong Kong Garden Phase 1,1986,5,8715,3150000,358,513,https://hk.centanet.com/findproperty/transaction-detail/豪景花園-1期_26072200640055
荃灣區,新界,樂悠居,Indi Home,2005,4,15418,7000000,424,538,https://hk.centanet.com/findproperty/transaction-detail/樂悠居_26072200610014
荃灣區,新界,荃景花園 2期,Tsuen King Garden Phase 2,1988,4,11252,5764000,380,577,https://hk.centanet.com/findproperty/transaction-detail/荃景花園-2期_26072200610042
荃灣區,新界,麗城花園 3期,Belvedere Garden Phase 3,1990,4,10795,8010000,728,742,https://hk.centanet.com/findproperty/transaction-detail/麗城花園-3期_26072000111042
荃灣區,新界,珀麗灣 5期,Park Island Phase 5 Oceancrest,2006,4,10835,5770000,476,575,https://hk.centanet.com/findproperty/transaction-detail/珀麗灣-5期_26072001440123
荃灣區,新界,翠豐臺,Summit Terrace,2003,4,14347,6719000,424,632,https://hk.centanet.com/findproperty/transaction-detail/翠豐臺_26071600340436
荃灣區,新界,環宇海灣,City Point,2014,4,15226,9110000,482,902,https://hk.centanet.com/findproperty/transaction-detail/環宇海灣_26071601970038
荃灣區,新界,珀麗灣 3期,Park Island Phase 3,2005,4,11623,7275000,549,1062,https://hk.centanet.com/findproperty/transaction-detail/珀麗灣-3期_26071300660202
荃灣區,新界,愉景新城 3期,Discovery Park Phase 3,1998,4,13841,6715000,477,652,https://hk.centanet.com/findproperty/transaction-detail/愉景新城-3期_NJY202607S0084
荃灣區,新界,荃德花園,Tsuen Tak Gardens,1986,4,11484,3525000,287,341,https://hk.centanet.com/findproperty/transaction-detail/荃德花園_26071000050020
荃灣區,新界,縉皇居,Ocean Pointe,2000,4,11440,8900000,653,778,https://hk.centanet.com/findproperty/transaction-detail/縉皇居_26071001370026
荃灣區,新界,浪翠園 1期,Sea Crest Villa Phase 1,1992,4,9332,4990000,484,617,https://hk.centanet.com/findproperty/transaction-detail/浪翠園-1期_26070900810023
荃灣區,新界,愉景新城 2期,Discovery Park Phase 2,1997,3,14021,6800000,485,600,https://hk.centanet.com/findproperty/transaction-detail/愉景新城-2期_26072300120893
荃灣區,新界,恒麗園,Hanley Villa,1994,3,10759,6380000,593,828,https://hk.centanet.com/findproperty/transaction-detail/恒麗園_26072300680040
荃灣區,新界,爵悅庭,Chelsea Court,2005,3,16382,9350000,372,597,https://hk.centanet.com/findproperty/transaction-detail/爵悅庭_NTD2202607S0076
荃灣區,新界,立坊,H Cube,2006,3,16152,5850000,308,429,https://hk.centanet.com/findproperty/transaction-detail/立坊_LYS202607S0095
荃灣區,新界,碧堤半島 3期,Bellagio Phase 3,2006,3,11182,9650000,863,935,https://hk.centanet.com/findproperty/transaction-detail/碧堤半島-3期_26071700240219
荃灣區,新界,德仁樓,Tak Yan Building (House),1968,3,5401,2650000,374,561,https://hk.centanet.com/findproperty/transaction-detail/德仁樓_26071700750108
荃灣區,新界,荃灣廣場,Tsuen Wan Plaza,1991,3,15400,6668000,433,433,https://hk.centanet.com/findproperty/transaction-detail/荃灣廣場_26071702200035
荃灣區,新界,坤成樓,Kwan Shing Building,1972,3,6950,3950000,450,705,https://hk.centanet.com/findproperty/transaction-detail/坤成樓_26071702220563
荃灣區,新界,麗城花園 1期,Belvedere Garden Phase 1,1987,3,9752,6000000,481,644,https://hk.centanet.com/findproperty/transaction-detail/麗城花園-1期_26071500750018
荃灣區,新界,萬景峯,Vision City,2007,3,20429,10378000,507,656,https://hk.centanet.com/findproperty/transaction-detail/萬景峯_26071500930387
荃灣區,新界,浪翠園 4期,Sea Crest Villa Phase 4,1994,3,9319,5050000,470,653,https://hk.centanet.com/findproperty/transaction-detail/浪翠園-4期_26071301330386
荃灣區,新界,珀麗灣 2期,Park Island Phase 2,2002,3,9887,5600000,531,630,https://hk.centanet.com/findproperty/transaction-detail/珀麗灣-2期_26070800690020
荃灣區,新界,碧堤半島 1期,Bellagio Phase 1,2003,3,12956,6750000,517,771,https://hk.centanet.com/findproperty/transaction-detail/碧堤半島-1期_26070801230058
荃灣區,新界,荃景花園 1期,Tsuen King Garden Phase 1,1986,3,10953,4650000,362,441,https://hk.centanet.com/findproperty/transaction-detail/荃景花園-1期_26070701180187
荃灣區,新界,荃灣花園,Tsuen Wan Garden,1980,2,10049,4640000,375,549,https://hk.centanet.com/findproperty/transaction-detail/荃灣花園_NVC5202607S0049
荃灣區,新界,全．城匯,Parc City,2018,2,19770,10370000,522,527,https://hk.centanet.com/findproperty/transaction-detail/全．城匯_TI3202606S0915
荃灣區,新界,荃錦中心,Tsuen Kam Centre,1986,2,13424,5054000,375,378,https://hk.centanet.com/findproperty/transaction-detail/荃錦中心_TV4202607S0270
荃灣區,新界,康睦庭園,Harmony Garden,1999,2,14055,6110000,404,467,https://hk.centanet.com/findproperty/transaction-detail/康睦庭園_26072200170078
荃灣區,新界,縉庭山,Primrose Hill,2010,2,12643,8405000,521,821,https://hk.centanet.com/findproperty/transaction-detail/縉庭山_26072102100066
荃灣區,新界,海灣花園,Waterside Plaza,1991,2,11723,6050000,470,562,https://hk.centanet.com/findproperty/transaction-detail/海灣花園_BJQ202607S0058
荃灣區,新界,海韻花園,Rhine Garden,1992,2,8550,5715000,630,710,https://hk.centanet.com/findproperty/transaction-detail/海韻花園_26071600220112
荃灣區,新界,錦豐園,Kam Fung Garden,1989,2,10306,3680000,339,375,https://hk.centanet.com/findproperty/transaction-detail/錦豐園_26071600510031
荃灣區,新界,麗都花園,Lido Garden,1989,2,9030,5240000,547,617,https://hk.centanet.com/findproperty/transaction-detail/麗都花園_26071600790044
荃灣區,新界,寶雲匯,The Cliveden,2003,2,11982,9560000,716,903,https://hk.centanet.com/findproperty/transaction-detail/寶雲匯_26071601720048
荃灣區,新界,翠濤閣,Greenview Court,1982,2,9332,6560000,703,703,https://hk.centanet.com/findproperty/transaction-detail/翠濤閣_26071400180103
荃灣區,新界,祈德尊新邨,Clague Garden Estate,1988,2,10620,4615000,357,535,https://hk.centanet.com/findproperty/transaction-detail/祈德尊新邨_26071000570081
荃灣區,新界,碧堤半島 2期,Bellagio Phase 2,2006,2,12058,8490000,575,818,https://hk.centanet.com/findproperty/transaction-detail/碧堤半島-2期_26070900080035
荃灣區,新界,灣景廣場,Skyline Plaza,1995,2,17084,8930000,415,643,https://hk.centanet.com/findproperty/transaction-detail/灣景廣場_26070900120056
荃灣區,新界,朗逸峰 2期,The Cairnhill Phase 2,2004,2,11178,8700000,629,935,https://hk.centanet.com/findproperty/transaction-detail/朗逸峰-2期_26070801970079
荃灣區,新界,昇柏山,The Rise,2014,2,11352,7140000,518,747,https://hk.centanet.com/findproperty/transaction-detail/昇柏山_26070700290479
荃灣區,新界,富麗花園,Wealthy Garden,1984,2,12268,3840000,313,313,https://hk.centanet.com/findproperty/transaction-detail/富麗花園_26070600370029
荃灣區,新界,尚翠苑,Sheung Chui Court,2017,2,11672,5130000,438,441,https://hk.centanet.com/findproperty/transaction-detail/尚翠苑_26070600830072
荃灣區,新界,昌耀大廈,Cheong Yiu Mansion (Building),1978,2,10240,3530000,311,381,https://hk.centanet.com/findproperty/transaction-detail/昌耀大廈_26070600830085
荃灣區,新界,蔚景花園,The Panorama,1998,2,12348,7870000,558,716,https://hk.centanet.com/findproperty/transaction-detail/蔚景花園_26070300940020
荃灣區,新界,名逸居,New Haven,2002,1,15094,8000000,530,530,https://hk.centanet.com/findproperty/transaction-detail/名逸居_VYE202607S0264
荃灣區,新界,荃豐中心,Tsuen Fung Centre,1987,1,11972,5100000,426,426,https://hk.centanet.com/findproperty/transaction-detail/荃豐中心_26072200200737
荃灣區,新界,浪翠園 3期,Sea Crest Villa Phase 3,1995,1,10443,6600000,632,632,https://hk.centanet.com/findproperty/transaction-detail/浪翠園-3期_26072100540098
荃灣區,新界,尚文苑,Sheung Man Court,2020,1,12074,3900000,323,323,https://hk.centanet.com/findproperty/transaction-detail/尚文苑_26072100890023
荃灣區,新界,皇璧,The Westminster Terrace,2009,1,14391,35000000,2432,2432,https://hk.centanet.com/findproperty/transaction-detail/皇璧_26072101560054
荃灣區,新界,友聯樓,Union Building,1971,1,6154,2800000,455,455,https://hk.centanet.com/findproperty/transaction-detail/友聯樓_26072000210251
荃灣區,新界,富裕樓,Foo Yu Building,1973,1,9406,4430000,471,471,https://hk.centanet.com/findproperty/transaction-detail/富裕樓_26072000500034
荃灣區,新界,金城大樓,Kam Shing Building,1972,1,10428,3900000,374,374,https://hk.centanet.com/findproperty/transaction-detail/金城大樓_26072000650130
荃灣區,新界,浪翠園 2期,Sea Crest Villa Phase 2,1994,1,9478,7080000,747,747,https://hk.centanet.com/findproperty/transaction-detail/浪翠園-2期_26071700870183
荃灣區,新界,宏華大廈,Wang Wah Building (Mansion),1965,1,4293,2520000,587,587,https://hk.centanet.com/findproperty/transaction-detail/宏華大廈_26071701500101
荃灣區,新界,海天豪苑,The Blue Yard,2002,1,11372,6880000,605,605,https://hk.centanet.com/findproperty/transaction-detail/海天豪苑_26071702200016
荃灣區,新界,怡景園,Fairview Garden,1988,1,12175,7500000,616,616,https://hk.centanet.com/findproperty/transaction-detail/怡景園_26071702220572
荃灣區,新界,海韻臺,Rhine Terrace,1992,1,6612,4000000,605,605,https://hk.centanet.com/findproperty/transaction-detail/海韻臺_26071600141079
荃灣區,新界,三和樓,Sam Wo Building,1972,1,11812,3898000,330,330,https://hk.centanet.com/findproperty/transaction-detail/三和樓_26071500850048
荃灣區,新界,傳德樓,Cheung Tak Mansion,1971,1,7067,2530000,358,358,https://hk.centanet.com/findproperty/transaction-detail/傳德樓_26071500930411
荃灣區,新界,朗逸峰 1期,The Cairnhill Phase 1,2004,1,10204,9500000,931,931,https://hk.centanet.com/findproperty/transaction-detail/朗逸峰-1期_26070901870283
荃灣區,新界,海雲軒,Anglers' Bay,2004,1,11876,5570000,469,469,https://hk.centanet.com/findproperty/transaction-detail/海雲軒_26070801390104
荃灣區,新界,合眾大廈,Mutual House,1985,1,12258,4180000,341,341,https://hk.centanet.com/findproperty/transaction-detail/合眾大廈_26070600310179
荃灣區,新界,雅緻樓,Nga Chi Building,1964,1,6783,3588000,529,529,https://hk.centanet.com/findproperty/transaction-detail/雅緻樓_26070301750137
荃灣區,新界,荃運樓,Tsuen Wan Building (Mansion) Stage No. 2,1972,1,12258,3800000,310,310,https://hk.centanet.com/findproperty/transaction-detail/荃運樓_26062900530346
荃灣區,新界,好景樓,Good View Mansion,1971,1,10684,5000000,468,468,https://hk.centanet.com/findproperty/transaction-detail/好景樓_26062902020158
荃灣區,新界,荃樂大廈,Tsuen Lok Building,1973,1,9975,4050000,406,406,https://hk.centanet.com/findproperty/transaction-detail/荃樂大廈_26062902020777
荃灣區,新界,周合成大廈,Chau Hop Shing Building,1980,1,11961,3660000,306,306,https://hk.centanet.com/findproperty/transaction-detail/周合成大廈_26062902320369
荃灣區,新界,愉景新城 1期,Discovery Park Phase 1,1997,1,14375,9430000,656,656,https://hk.centanet.com/findproperty/transaction-detail/愉景新城-1期_26062600940020
屯門區,新界,疊茵庭,Parkland Villas,2000,12,11700,4830000,376,499,https://hk.centanet.com/findproperty/transaction-detail/疊茵庭_26072301870018
屯門區,新界,大興花園 2期,Tai Hing Gardens Phase 2,1994,11,8787,4460000,447,587,https://hk.centanet.com/findproperty/transaction-detail/大興花園-2期_UH1202607S0287
屯門區,新界,兆康苑,Siu Hong Court,1982,9,7835,3750000,434,568,https://hk.centanet.com/findproperty/transaction-detail/兆康苑_26071602020063
屯門區,新界,時代廣場,The Trend Plaza,1988,8,11878,4007500,272,496,https://hk.centanet.com/findproperty/transaction-detail/時代廣場_26072200870039
屯門區,新界,兆麟苑,Siu Lun Court,1993,7,6977,3850000,401,645,https://hk.centanet.com/findproperty/transaction-detail/兆麟苑_26071400300168
屯門區,新界,新屯門中心,Sun Tuen Mun Centre,1990,6,8962,4110000,455,462,https://hk.centanet.com/findproperty/transaction-detail/新屯門中心_26072101770026
屯門區,新界,弦海,The Esplanade,2020,6,12998,3725000,161,448,https://hk.centanet.com/findproperty/transaction-detail/弦海_26071600320240
屯門區,新界,愛琴海岸,Aegean Coast,2002,6,11322,7775000,490,811,https://hk.centanet.com/findproperty/transaction-detail/愛琴海岸_26071601110053
屯門區,新界,Novo Land 1A期,Novo Land Phase 1A,2023,6,14629,3500000,235,436,https://hk.centanet.com/findproperty/transaction-detail/Novo-Land-1A期_26071500190130
屯門區,新界,香港黃金海岸,Hong Kong Gold Coast,1990,5,9346,4950000,476,576,https://hk.centanet.com/findproperty/transaction-detail/香港黃金海岸_26072100270085
屯門區,新界,Napa,Napa,2017,4,8994,5700000,460,1798,https://hk.centanet.com/findproperty/transaction-detail/Napa_26072301830048
屯門區,新界,兆禧苑,Siu Hei Court,1986,4,8638,3190000,338,415,https://hk.centanet.com/findproperty/transaction-detail/兆禧苑_26072301840291
屯門區,新界,珀御,Eight Regency,2018,4,12072,4240000,296,501,https://hk.centanet.com/findproperty/transaction-detail/珀御_26072201130324
屯門區,新界,盈豐園,Goodrich Garden,1993,4,9468,3810000,390,513,https://hk.centanet.com/findproperty/transaction-detail/盈豐園_26072202130026
屯門區,新界,景峰花園,Prime View Garden,1985,4,7636,3365000,400,483,https://hk.centanet.com/findproperty/transaction-detail/景峰花園_26072100670124
屯門區,新界,悅湖山莊,Yuet Wu Villa,1993,4,8350,3775000,431,592,https://hk.centanet.com/findproperty/transaction-detail/悅湖山莊_26072101290019
屯門區,新界,新圍苑,San Wai Court,1989,4,7207,2890000,401,401,https://hk.centanet.com/findproperty/transaction-detail/新圍苑_26072102100030
屯門區,新界,美樂花園,Melody Garden,1983,4,7496,4430000,591,695,https://hk.centanet.com/findproperty/transaction-detail/美樂花園_26072000490056
屯門區,新界,Novo Land 1B期,Novo Land Phase 1B,2023,4,15404,4590000,295,687,https://hk.centanet.com/findproperty/transaction-detail/Novo-Land-1B期_26072001700113
屯門區,新界,兆安苑,Siu On Court,1981,4,6616,3300000,495,563,https://hk.centanet.com/findproperty/transaction-detail/兆安苑_26071700180018
屯門區,新界,龍門居,Lung Mun Oasis,1998,4,7228,3840000,431,592,https://hk.centanet.com/findproperty/transaction-detail/龍門居_26071701830237
屯門區,新界,兆軒苑,Siu Hin Court,1991,4,8566,3388000,376,407,https://hk.centanet.com/findproperty/transaction-detail/兆軒苑_NMR3202607S0023
屯門區,新界,大興花園 1期,Tai Hing Gardens Phase 1,1989,4,10180,4176900,394,428,https://hk.centanet.com/findproperty/transaction-detail/大興花園-1期_SUH202607S0080
屯門區,新界,邁亞美海灣,Miami Beach Towers,1991,4,9796,7500000,442,1183,https://hk.centanet.com/findproperty/transaction-detail/邁亞美海灣_26071501670152
屯門區,新界,Novo Land 2B期,Novo Land Phase 2B,2024,4,13874,6089000,299,453,https://hk.centanet.com/findproperty/transaction-detail/Novo-Land-2B期_V65202606S0928
屯門區,新界,利寶大廈,Lee Bo Building,1982,4,9841,2505000,234,269,https://hk.centanet.com/findproperty/transaction-detail/利寶大廈_26071001350050
屯門區,新界,兆山苑,Siu Shan Court,1983,4,6465,3530000,546,546,https://hk.centanet.com/findproperty/transaction-detail/兆山苑_26071001520129
屯門區,新界,星堤,Avignon,2011,4,8336,10780000,554,2465,https://hk.centanet.com/findproperty/transaction-detail/星堤_26070700710052
屯門區,新界,澤豐花園,Affluence Garden,1989,3,7203,3450000,433,479,https://hk.centanet.com/findproperty/transaction-detail/澤豐花園_JYV202607S0203
屯門區,新界,豫豐花園,The Sherwood,2005,3,9798,4000000,396,594,https://hk.centanet.com/findproperty/transaction-detail/豫豐花園_26072201130319
屯門區,新界,錦暉花園,Kam Fai Garden,1987,3,7853,4300000,537,573,https://hk.centanet.com/findproperty/transaction-detail/錦暉花園_26072201400042
屯門區,新界,屯門市廣場 1期,Tuen Mun Town Plaza Phase 1,1987,3,10782,5100000,423,524,https://hk.centanet.com/findproperty/transaction-detail/屯門市廣場-1期_26072000040212
屯門區,新界,御半山 2期,Mount Regency Phase 2,2020,3,13546,4950000,251,447,https://hk.centanet.com/findproperty/transaction-detail/御半山-2期_26072000650181
屯門區,新界,帝御 2期 帝御‧星濤,The Royale Phase 2 Starfront Royale,2022,3,11587,3660000,208,342,https://hk.centanet.com/findproperty/transaction-detail/帝御-2期-帝御‧星濤_26071701860192
屯門區,新界,恆順園,Handsome Court,1990,3,7692,4900000,637,640,https://hk.centanet.com/findproperty/transaction-detail/恆順園_26071502150162
屯門區,新界,Novo Land 3B期,Novo Land Phase 3B,2024,3,15084,4450000,292,297,https://hk.centanet.com/findproperty/transaction-detail/Novo-Land-3B期_26071300510085
屯門區,新界,怡樂花園,Elegance Gardens,1988,3,10448,3600000,335,511,https://hk.centanet.com/findproperty/transaction-detail/怡樂花園_26071000840020
屯門區,新界,凱和山,Mori,2024,2,10652,4652900,381,491,https://hk.centanet.com/findproperty/transaction-detail/凱和山_GSA202607S0307
屯門區,新界,帝御 1期 帝御‧金灣,The Royale Phase 1 Seacoast Royale,2022,2,11297,4010000,320,392,https://hk.centanet.com/findproperty/transaction-detail/帝御-1期-帝御‧金灣_26072300120727
屯門區,新界,華都花園,Waldorf Garden,1982,2,10078,4775000,414,533,https://hk.centanet.com/findproperty/transaction-detail/華都花園_C.L202607S0163
屯門區,新界,海麗花園,Venice Gardens,1993,2,9294,4024000,412,452,https://hk.centanet.com/findproperty/transaction-detail/海麗花園_26072201350026
屯門區,新界,翠鳴臺,Terrace Concerto,,2,8292,4680000,484,660,https://hk.centanet.com/findproperty/transaction-detail/翠鳴臺_26072201670221
屯門區,新界,帝濤灣 浪琴軒,Palatial Coast Grand Pacific View,1999,2,7533,9130000,1212,1212,https://hk.centanet.com/findproperty/transaction-detail/帝濤灣-浪琴軒_26072100310014
屯門區,新界,豐連,Ori,2018,2,12307,5415000,343,536,https://hk.centanet.com/findproperty/transaction-detail/豐連_NCF1202605S0379
屯門區,新界,恆福花園,Hanford Garden,1993,2,9298,5180000,529,584,https://hk.centanet.com/findproperty/transaction-detail/恆福花園_26072000650145
屯門區,新界,兆邦苑,Siu Pong Court,1991,2,7874,3225000,375,443,https://hk.centanet.com/findproperty/transaction-detail/兆邦苑_26071700900340
屯門區,新界,䨇寓,2Gether,2017,2,12147,5015000,304,527,https://hk.centanet.com/findproperty/transaction-detail/䨇寓_26071701860212
屯門區,新界,安麗大廈,On Lai Building,1982,2,10314,2663650,249,269,https://hk.centanet.com/findproperty/transaction-detail/安麗大廈_26071600141115
屯門區,新界,華樂大廈,Wah Lok Mansion,1982,2,8178,2930000,320,396,https://hk.centanet.com/findproperty/transaction-detail/華樂大廈_26071401970345
屯門區,新界,黃金海灣 1期 意嵐,Gold Coast Bay Phase 1 The Uppland,2025,2,12047,3160000,206,315,https://hk.centanet.com/findproperty/transaction-detail/黃金海灣-1期-意嵐_DZV202606S0904
屯門區,新界,上源,Le Pont,2020,2,9361,4040000,394,468,https://hk.centanet.com/findproperty/transaction-detail/上源_26071000970454
屯門區,新界,好運洋樓,Lucky Building (House),1977,2,8583,2575000,300,300,https://hk.centanet.com/findproperty/transaction-detail/好運洋樓_26070900470014
屯門區,新界,美基樓,Mai Kei Building,1974,2,7650,2650000,320,374,https://hk.centanet.com/findproperty/transaction-detail/美基樓_26070600930032
屯門區,新界,豐景園,Goodview Garden,1990,2,10361,3790000,342,393,https://hk.centanet.com/findproperty/transaction-detail/豐景園_26070300300404
屯門區,新界,兆畦苑,Siu Kwai Court,1990,2,5628,2680000,376,566,https://hk.centanet.com/findproperty/transaction-detail/兆畦苑_26070301590151
屯門區,新界,卓爾居 2期,Chelsea Heights Phase 2,2000,2,12308,7600000,520,709,https://hk.centanet.com/findproperty/transaction-detail/卓爾居-2期_26070301730071
屯門區,新界,屯門市廣場 2期,Tuen Mun Town Plaza Phase 2,1988,2,12976,4230000,325,327,https://hk.centanet.com/findproperty/transaction-detail/屯門市廣場-2期_26070200140361
屯門區,新界,卓爾居 1期,Chelsea Heights Phase 1,1998,2,12595,6500000,512,520,https://hk.centanet.com/findproperty/transaction-detail/卓爾居-1期_26063001100050
屯門區,新界,彩華花園,Rainbow Garden,1989,2,8212,4869000,536,651,https://hk.centanet.com/findproperty/transaction-detail/彩華花園_26063001410208
屯門區,新界,雅麗花園,Elite Garden,1982,1,6559,5280000,805,805,https://hk.centanet.com/findproperty/transaction-detail/雅麗花園_LLP202606S0829
屯門區,新界,上嵐,Skyehi,2023,1,13887,3680000,265,265,https://hk.centanet.com/findproperty/transaction-detail/上嵐_UH1202607S0190
屯門區,新界,容龍居,Dragon Inn Court,1991,1,7510,5700000,759,759,https://hk.centanet.com/findproperty/transaction-detail/容龍居_26072300710016
屯門區,新界,富健花園,Glorious Garden,1999,1,6497,2800000,431,431,https://hk.centanet.com/findproperty/transaction-detail/富健花園_26072200610141
屯門區,新界,康德花園,Hong Tak Gardens,1988,1,10606,3850000,363,363,https://hk.centanet.com/findproperty/transaction-detail/康德花園_26072201670121
屯門區,新界,海翠花園,Pierhead Garden,1988,1,9195,5600000,609,609,https://hk.centanet.com/findproperty/transaction-detail/海翠花園_26072201860091
屯門區,新界,怡峰園,Villa Tiara,1997,1,10319,6800000,659,659,https://hk.centanet.com/findproperty/transaction-detail/怡峰園_SUH202606S0891
屯門區,新界,漣山,The Hillgrove,2002,1,6061,4000000,660,660,https://hk.centanet.com/findproperty/transaction-detail/漣山_26072102200020
屯門區,新界,啟豐園,Richland Garden,1992,1,11290,4200000,372,372,https://hk.centanet.com/findproperty/transaction-detail/啟豐園_26072000111077
屯門區,新界,茵翠豪庭,Villa Pinada,2003,1,10415,8280000,795,795,https://hk.centanet.com/findproperty/transaction-detail/茵翠豪庭_26072000650157
屯門區,新界,景峰豪庭,Noble Place,1998,1,7972,4050000,508,508,https://hk.centanet.com/findproperty/transaction-detail/景峰豪庭_26072000650169
屯門區,新界,海譽,Crown By The Sea,2012,1,9142,9380000,1026,1026,https://hk.centanet.com/findproperty/transaction-detail/海譽_26072001580296
屯門區,新界,興泰大廈,Hing Tai Building,1983,1,6329,2500000,395,395,https://hk.centanet.com/findproperty/transaction-detail/興泰大廈_26072001700146
屯門區,新界,翠寧花園,Tsui Ning Garden,1991,1,6182,3660000,592,592,https://hk.centanet.com/findproperty/transaction-detail/翠寧花園_26071700240118
屯門區,新界,雅都花園,Eldo Court,1987,1,9125,5165000,566,566,https://hk.centanet.com/findproperty/transaction-detail/雅都花園_26071701980034
屯門區,新界,金蘭閣,Golden Orchid Court,1979,1,10000,3100000,310,310,https://hk.centanet.com/findproperty/transaction-detail/金蘭閣_NUN1202607S0033
屯門區,新界,興發大廈,Hing Fat Building,1985,1,10456,2520000,241,241,https://hk.centanet.com/findproperty/transaction-detail/興發大廈_26071400580014
屯門區,新界,玫瑰花園,Rose Dale Garden,1996,1,7339,4800000,654,654,https://hk.centanet.com/findproperty/transaction-detail/玫瑰花園_26071400680015
屯門區,新界,倚嶺南庭,South Hill Crest,2004,1,9424,5400000,573,573,https://hk.centanet.com/findproperty/transaction-detail/倚嶺南庭_26071401530085
屯門區,新界,翠林花園,Greenland Garden,1989,1,9762,4188000,429,429,https://hk.centanet.com/findproperty/transaction-detail/翠林花園_26071402010158
屯門區,新界,OMA By The Sea,OMA by the Sea,2022,1,10142,3570000,352,352,https://hk.centanet.com/findproperty/transaction-detail/OMA-By-The-Sea_26071300510090
屯門區,新界,彩暉花園,Brilliant Garden,1989,1,5961,4000000,671,671,https://hk.centanet.com/findproperty/transaction-detail/彩暉花園_26071301000067
屯門區,新界,景新臺,Kingston Terrace,2002,1,9607,4650000,484,484,https://hk.centanet.com/findproperty/transaction-detail/景新臺_26071301270029
屯門區,新界,慧豐園,Marina Garden,1991,1,9524,5400000,567,567,https://hk.centanet.com/findproperty/transaction-detail/慧豐園_26071000250050
屯門區,新界,帝御 3期 帝御‧嵐天,The Royale Phase 3 Skypoint Royale,2022,1,12207,2600000,213,213,https://hk.centanet.com/findproperty/transaction-detail/帝御-3期-帝御‧嵐天_26071000880074
屯門區,新界,冠峰園,Alpine Garden,1991,1,6500,4680000,720,720,https://hk.centanet.com/findproperty/transaction-detail/冠峰園_26071002100247
屯門區,新界,帝濤灣 海琴軒,Palatial Coast Grand Pacific Heights,1999,1,7856,5350000,681,681,https://hk.centanet.com/findproperty/transaction-detail/帝濤灣-海琴軒_UTG202606S0771
屯門區,新界,山景邨,Shan King Estate,1986,1,2892,830000,287,287,https://hk.centanet.com/findproperty/transaction-detail/山景邨_26070901870208
屯門區,新界,康麗花園,Hong Lai Garden,1989,1,10580,3830000,362,362,https://hk.centanet.com/findproperty/transaction-detail/康麗花園_26070800210108
屯門區,新界,錦華花園,Kam Wah Garden,1986,1,8499,3000000,353,353,https://hk.centanet.com/findproperty/transaction-detail/錦華花園_26070700290568
屯門區,新界,愛琴灣,The Aegean,2004,1,8108,3900000,481,481,https://hk.centanet.com/findproperty/transaction-detail/愛琴灣_26070700750235
屯門區,新界,凱德花園,Hoi Tak Gardens,1986,1,8654,2700000,312,312,https://hk.centanet.com/findproperty/transaction-detail/凱德花園_26070701180209
屯門區,新界,嘉熙大廈,Ka Hay Building,1982,1,7233,3638000,503,503,https://hk.centanet.com/findproperty/transaction-detail/嘉熙大廈_26070701660019
屯門區,新界,緹岸 2期,Ocean Camino Phase 2,2020,1,9169,2870000,313,313,https://hk.centanet.com/findproperty/transaction-detail/緹岸-2期_26070600320243
屯門區,新界,慧景閣,Parkview Court,2000,1,11610,3390000,292,292,https://hk.centanet.com/findproperty/transaction-detail/慧景閣_26070601590038
屯門區,新界,瓏門 1期,Century Gateway Phase 1,2012,1,15964,7950000,498,498,https://hk.centanet.com/findproperty/transaction-detail/瓏門-1期_26070300060080
屯門區,新界,綠怡居,Botania Villa,1998,1,9037,4600000,509,509,https://hk.centanet.com/findproperty/transaction-detail/綠怡居_26070300060148
屯門區,新界,瑜翠園,Peridot Court,1991,1,8658,10000000,1155,1155,https://hk.centanet.com/findproperty/transaction-detail/瑜翠園_26070300800039
屯門區,新界,OMA OMA,Oma Oma,2021,1,9333,4200000,450,450,https://hk.centanet.com/findproperty/transaction-detail/OMA-OMA_26070300960082
屯門區,新界,琨崙,Jade Grove,2012,1,8162,19500000,2389,2389,https://hk.centanet.com/findproperty/transaction-detail/琨崙_26070301620395
屯門區,新界,龍珠花園,Pearl Garden,1990,1,5495,4000000,728,728,https://hk.centanet.com/findproperty/transaction-detail/龍珠花園_26070201050143
屯門區,新界,海景花園,Seaview Garden,1987,1,7388,4300000,582,582,https://hk.centanet.com/findproperty/transaction-detail/海景花園_26063000810337
屯門區,新界,鹿苑,Look Yuen,1983,1,7340,2980000,406,406,https://hk.centanet.com/findproperty/transaction-detail/鹿苑_26063002470034
屯門區,新界,菁雋,T Plus,2019,1,14397,2030000,141,141,https://hk.centanet.com/findproperty/transaction-detail/菁雋_26063002850514
屯門區,新界,好發大廈,Rich Building,1981,1,7609,2260000,297,297,https://hk.centanet.com/findproperty/transaction-detail/好發大廈_26062900250150
屯門區,新界,萬寶大廈,Man Bo Building,1982,1,10236,2600000,254,254,https://hk.centanet.com/findproperty/transaction-detail/萬寶大廈_26062901670011
屯門區,新界,置樂花園,Chi Lok Fa Yuen,1981,1,7828,4000000,511,511,https://hk.centanet.com/findproperty/transaction-detail/置樂花園_26062600200050
屯門區,新界,明偉大樓,Ming Wai Building,1972,1,5263,2000000,380,380,https://hk.centanet.com/findproperty/transaction-detail/明偉大樓_26062601890010
屯門區,新界,南浪海灣,Nerine Cove,2000,1,10687,5600000,524,524,https://hk.centanet.com/findproperty/transaction-detail/南浪海灣_26062601930224
屯門區,新界,建生邨,Kin Sang Estate,1989,1,3810,1680000,441,441,https://hk.centanet.com/findproperty/transaction-detail/建生邨_26062601980344
元朗區,新界,嘉湖山莊 5期 麗湖居,Kingswood Villas Phase 5 Lynwood Court,1996,10,9104,4980000,446,638,https://hk.centanet.com/findproperty/transaction-detail/嘉湖山莊-5期-麗湖居_26072201670104
元朗區,新界,嘉湖山莊 1期 樂湖居,Kingswood Villas Phase 1 Locwood Court,1991,9,8942,4580000,448,636,https://hk.centanet.com/findproperty/transaction-detail/嘉湖山莊-1期-樂湖居_26071600141090
元朗區,新界,Yoho Town 2期 Yoho Midtown,Yoho Town Phase 2 Yoho Midtown,2010,8,14602,8394000,443,1045,https://hk.centanet.com/findproperty/transaction-detail/Yoho-Town-2期-Yoho-Midtown_YCK202607S0293
元朗區,新界,栢慧豪園 2期 栢慧豪廷,Central Park Towers Phase 2 Central Park Towers II,2010,7,10620,6700000,502,803,https://hk.centanet.com/findproperty/transaction-detail/栢慧豪園-2期-栢慧豪廷_YT4202607S0171
元朗區,新界,天頌苑,Tin Chung Court,1999,7,6917,3550000,426,650,https://hk.centanet.com/findproperty/transaction-detail/天頌苑_26072300260084
元朗區,新界,嘉湖山莊 7期 景湖居,Kingswood Villas Phase 7 Kenswood Court,1994,7,8464,4800000,442,1407,https://hk.centanet.com/findproperty/transaction-detail/嘉湖山莊-7期-景湖居_26072200930028
元朗區,新界,Yoho Town 1期,Yoho Town Phase 1,2004,7,15725,6800000,393,516,https://hk.centanet.com/findproperty/transaction-detail/Yoho-Town-1期_26071600340445
元朗區,新界,Yoho West 1期,Yoho West Phase 1,2024,7,14508,4550000,266,695,https://hk.centanet.com/findproperty/transaction-detail/Yoho-West-1期_26071600580017
元朗區,新界,尚悅,The Reach,2013,6,11205,4800000,403,445,https://hk.centanet.com/findproperty/transaction-detail/尚悅_26072300230203
元朗區,新界,蝶翠峰 5期 尚悅‧嶺,Sereno Verde Phase 5 Reach Summit,2020,6,13340,3709000,254,378,https://hk.centanet.com/findproperty/transaction-detail/蝶翠峰-5期-尚悅‧嶺_26071701690186
元朗區,新界,栢慧豪園 1期,Central Park Towers Phase 1,2007,5,10859,5500000,493,597,https://hk.centanet.com/findproperty/transaction-detail/栢慧豪園-1期_26072300120929
元朗區,新界,嘉湖山莊 3期 翠湖居,Kingswood Villas Phase 3 Chestwood Court,1993,5,8499,4700000,449,633,https://hk.centanet.com/findproperty/transaction-detail/嘉湖山莊-3期-翠湖居_26072200060016
元朗區,新界,尚城,Uptown,2011,5,8566,6350000,526,1576,https://hk.centanet.com/findproperty/transaction-detail/尚城_26072000270056
元朗區,新界,溱柏,Park Signature,2014,5,8784,8000000,533,954,https://hk.centanet.com/findproperty/transaction-detail/溱柏_26072001700108
元朗區,新界,朗屏8號,The Spectra,2017,5,13541,7260000,246,610,https://hk.centanet.com/findproperty/transaction-detail/朗屏8號_NYS4202607S0010
元朗區,新界,嘉湖山莊 6期 美湖居,Kingswood Villas Phase 6 Maywood Court,1997,5,8804,4980000,441,629,https://hk.centanet.com/findproperty/transaction-detail/嘉湖山莊-6期-美湖居_26071001600102
元朗區,新界,天富苑,Tin Fu Court,2001,4,7213,4165000,506,650,https://hk.centanet.com/findproperty/transaction-detail/天富苑_THY202606S0884
元朗區,新界,爾巒,Riva,2013,4,11362,10925000,466,1274,https://hk.centanet.com/findproperty/transaction-detail/爾巒_26072300100312
元朗區,新界,峻巒 2C期 Park Yoho Milano,Park Yoho Phase 2C Park Yoho Milano,2017,4,12338,5475000,254,639,https://hk.centanet.com/findproperty/transaction-detail/峻巒-2C期-Park-Yoho-Milano_26072301530015
元朗區,新界,Grand Yoho 2期,Grand Yoho Phase 2,2017,4,17338,10289000,529,907,https://hk.centanet.com/findproperty/transaction-detail/Grand-Yoho-2期_26072301700169
元朗區,新界,Grand Yoho 1期,Grand Yoho Phase 1,2016,4,16473,9145000,498,595,https://hk.centanet.com/findproperty/transaction-detail/Grand-Yoho-1期_26072200770040
元朗區,新界,峻巒 1B期 Park Yoho Venezia,Park Yoho Phase 1B Park Yoho Venezia,2015,4,11572,8215000,496,1309,https://hk.centanet.com/findproperty/transaction-detail/峻巒-1B期-Park-Yoho-Venezia_26072000380057
元朗區,新界,Wetland Seasons Park 2期,Wetland Seasons Park Phase 2,2020,4,11508,5590000,367,727,https://hk.centanet.com/findproperty/transaction-detail/Wetland-Seasons-Park-2期_26072001400036
元朗區,新界,新元朗中心,Sun Yuen Long Centre,1993,4,13565,6680000,466,639,https://hk.centanet.com/findproperty/transaction-detail/新元朗中心_VKU202607S0057
元朗區,新界,御豪山莊,Park Royale,1999,4,8912,5150000,489,689,https://hk.centanet.com/findproperty/transaction-detail/御豪山莊_YML202607S0019
元朗區,新界,世宙,Yuccie Square,2016,4,15320,6550000,426,429,https://hk.centanet.com/findproperty/transaction-detail/世宙_26071001820062
元朗區,新界,蝶翠峰 1期,Sereno Verde Phase 1,2001,3,9840,5520000,561,574,https://hk.centanet.com/findproperty/transaction-detail/蝶翠峰-1期_YC1202607S0291
元朗區,新界,峻巒 2A期 Park Yoho Genova,Park Yoho Phase 2A Park Yoho Genova,2017,3,12115,6760000,520,582,https://hk.centanet.com/findproperty/transaction-detail/峻巒-2A期-Park-Yoho-Genova_26072300120690
元朗區,新界,帝庭居 2期,Imperial Villas Phase 2,2003,3,8665,4400000,367,644,https://hk.centanet.com/findproperty/transaction-detail/帝庭居-2期_26072200210018
元朗區,新界,翹翠峰,Emerald Green,2010,3,9854,8100000,580,1108,https://hk.centanet.com/findproperty/transaction-detail/翹翠峰_26072102190104
元朗區,新界,雅珊園,Aster Court,1992,3,8063,3700000,443,574,https://hk.centanet.com/findproperty/transaction-detail/雅珊園_26072001580148
元朗區,新界,映御,Twin Regency,2017,3,11733,4388000,300,488,https://hk.centanet.com/findproperty/transaction-detail/映御_NYQ5202607S0004
元朗區,新界,Wetland Seasons Park 1期,Wetland Seasons Park Phase 1,2020,3,11429,4800000,379,567,https://hk.centanet.com/findproperty/transaction-detail/Wetland-Seasons-Park-1期_26071701090095
元朗區,新界,朗晴居,Grand Del Sol,1997,3,9630,5730000,573,730,https://hk.centanet.com/findproperty/transaction-detail/朗晴居_26071500190120
元朗區,新界,慧景軒,Vianni Cove,2004,3,8907,7180000,555,857,https://hk.centanet.com/findproperty/transaction-detail/慧景軒_26071300160030
元朗區,新界,鳳庭苑,Fung Ting Court,2001,3,8686,5480000,510,661,https://hk.centanet.com/findproperty/transaction-detail/鳳庭苑_26071300390130
元朗區,新界,Residence 譽88,Residence 譽88,2014,3,12755,6460000,463,519,https://hk.centanet.com/findproperty/transaction-detail/Residence-譽88_26071001600127
元朗區,新界,采葉庭,The Parcville,2002,3,11544,6480000,460,693,https://hk.centanet.com/findproperty/transaction-detail/采葉庭_26070702150177
元朗區,新界,錦繡花園 荔枝南路,Fairview Park Lychee Road South,1981,2,11940,14930000,1100,1395,https://hk.centanet.com/findproperty/transaction-detail/錦繡花園-荔枝南路_GPT202607S0221
元朗區,新界,宏豐大廈,Wang Fung Building,1988,2,10094,3735000,370,370,https://hk.centanet.com/findproperty/transaction-detail/宏豐大廈_YQS202607S0268
元朗區,新界,滙都 2期 滙都 II,High Park Phase 2 High Park II,2024,2,11695,4905000,405,433,https://hk.centanet.com/findproperty/transaction-detail/滙都-2期-滙都-II_NKM5202607S0002
元朗區,新界,滙都 1期 滙都 I,High Park Phase 1 High Park I,2024,2,12432,5365000,428,435,https://hk.centanet.com/findproperty/transaction-detail/滙都-1期-滙都-I_MFA202607S0182
元朗區,新界,尚柏,The Parkland,2024,2,11920,3600000,302,302,https://hk.centanet.com/findproperty/transaction-detail/尚柏_26072100750011
元朗區,新界,好順泰大廈,Ho Shun Tai Building,1988,2,10896,3590000,290,377,https://hk.centanet.com/findproperty/transaction-detail/好順泰大廈_26072101900044
元朗區,新界,雍翠豪園,Greenfields,1998,2,10748,6000000,489,621,https://hk.centanet.com/findproperty/transaction-detail/雍翠豪園_26072001580047
元朗區,新界,朗庭園,Villa By The Park,2002,2,10674,4540000,422,428,https://hk.centanet.com/findproperty/transaction-detail/朗庭園_FZC202607S0107
元朗區,新界,溱林,The Woodsville,2013,2,10782,5710000,521,539,https://hk.centanet.com/findproperty/transaction-detail/溱林_26071600140821
元朗區,新界,好順福大廈,Ho Shun Fuk (Fook) Building,1988,2,11697,3205000,274,274,https://hk.centanet.com/findproperty/transaction-detail/好順福大廈_26071601680011
元朗區,新界,富祐閣,Full Yau Court,1987,2,9654,2689000,277,280,https://hk.centanet.com/findproperty/transaction-detail/富祐閣_26071301850227
元朗區,新界,興發大樓,Hing Fat House,1979,2,8820,2990000,339,339,https://hk.centanet.com/findproperty/transaction-detail/興發大樓_26071301850372
元朗區,新界,尚豪庭,One Regent Place,2012,2,11612,6005000,515,519,https://hk.centanet.com/findproperty/transaction-detail/尚豪庭_YPW202606S0841
元朗區,新界,屏欣苑,Ping Yan Court,2018,2,10106,3800000,376,376,https://hk.centanet.com/findproperty/transaction-detail/屏欣苑_26071001560172
元朗區,新界,好順景大廈,Ho Shun King Building,1985,2,8790,3000000,324,358,https://hk.centanet.com/findproperty/transaction-detail/好順景大廈_26071001570102
元朗區,新界,嘉湖山莊 2期 賞湖居,Kingswood Villas Phase 2 Sherwood Court,1993,2,9195,4925000,448,636,https://hk.centanet.com/findproperty/transaction-detail/嘉湖山莊-2期-賞湖居_NCV3202606S0172
元朗區,新界,大興大廈,Tai Hang Building,1979,2,7606,2890000,380,380,https://hk.centanet.com/findproperty/transaction-detail/大興大廈_26070701360165
元朗區,新界,柏麗豪園,Parkside Villa,1997,2,8475,5810000,590,800,https://hk.centanet.com/findproperty/transaction-detail/柏麗豪園_26070601030026
元朗區,新界,天盛苑,Tin Shing Court,1999,2,8952,4255000,429,539,https://hk.centanet.com/findproperty/transaction-detail/天盛苑_26063002850507
元朗區,新界,富安大廈,Fu On Building,1986,2,8870,4000000,451,451,https://hk.centanet.com/findproperty/transaction-detail/富安大廈_26062600790217
元朗區,新界,Yoho West 2期 Yoho West Parkside,Yoho West Phase 2 Yoho West Parkside,2025,1,13154,5880000,447,447,https://hk.centanet.com/findproperty/transaction-detail/Yoho-West-2期-Yoho-West-Parkside_MFA202607S0229
元朗區,新界,尚悅．方,Park Reach,2019,1,10968,3400000,310,310,https://hk.centanet.com/findproperty/transaction-detail/尚悅．方_NYW1202607S0050
元朗區,新界,金輝大廈,Kam Fai Building,1981,1,8525,2600000,305,305,https://hk.centanet.com/findproperty/transaction-detail/金輝大廈_26072301150035
元朗區,新界,朗天峰,Hava,2025,1,14708,4280000,291,291,https://hk.centanet.com/findproperty/transaction-detail/朗天峰_BGT202607S0149
元朗區,新界,朗屏邨,Long Ping Estate,1986,1,4447,1970000,443,443,https://hk.centanet.com/findproperty/transaction-detail/朗屏邨_26072201450406
元朗區,新界,錦華樓,Kam Wah Building,1977,1,5435,2000000,368,368,https://hk.centanet.com/findproperty/transaction-detail/錦華樓_26072100330031
元朗區,新界,御庭居,Springdale Villas,2000,1,10085,4750000,471,471,https://hk.centanet.com/findproperty/transaction-detail/御庭居_26072100660308
元朗區,新界,保輝樓,Po Fai Building,1973,1,6667,2800000,420,420,https://hk.centanet.com/findproperty/transaction-detail/保輝樓_26072101540048
元朗區,新界,碧豪苑 1期,Maple Gardens Phase 1,1991,1,11748,8200000,698,698,https://hk.centanet.com/findproperty/transaction-detail/碧豪苑-1期_WUV202607S0119
元朗區,新界,聯發洋樓,Luen Fat House (Mansion),1980,1,8889,2800000,315,315,https://hk.centanet.com/findproperty/transaction-detail/聯發洋樓_26072000111035
元朗區,新界,永發大樓,Wing Fat House,1977,1,8214,3639000,443,443,https://hk.centanet.com/findproperty/transaction-detail/永發大樓_26072000130058
元朗區,新界,翠珊園,Treasure Court,1988,1,6444,3828000,594,594,https://hk.centanet.com/findproperty/transaction-detail/翠珊園_26072001350163
元朗區,新界,芙蓉園,Green Orchid,2006,1,9997,6368000,637,637,https://hk.centanet.com/findproperty/transaction-detail/芙蓉園_GNJ202607S0046
元朗區,新界,峻巒 1A期,Park Yoho Phase 1A,2015,1,11572,6133000,530,530,https://hk.centanet.com/findproperty/transaction-detail/峻巒-1A期_YC1202607S0114
元朗區,新界,昌威大廈,Cheong Wai Mansion,1988,1,11635,3700000,318,318,https://hk.centanet.com/findproperty/transaction-detail/昌威大廈_YS1202607S0059
元朗區,新界,寶豐大廈,Po (Pao) Fung Building,1984,1,11366,2330000,205,205,https://hk.centanet.com/findproperty/transaction-detail/寶豐大廈_26071700240017
元朗區,新界,天愛苑,Tin Oi Court,1993,1,7078,3100000,438,438,https://hk.centanet.com/findproperty/transaction-detail/天愛苑_26071700900404
元朗區,新界,益發大廈,Yik Fat Building,1983,1,9325,2350000,252,252,https://hk.centanet.com/findproperty/transaction-detail/益發大廈_26071701090080
元朗區,新界,加州豪園 A期 嘉拿多徑,Royal Palms Phase A Coronado Avenue,1995,1,9365,14000000,1495,1495,https://hk.centanet.com/findproperty/transaction-detail/加州豪園-A期-嘉拿多徑_26071701260380
元朗區,新界,鴻運中心,Fortune Centre,1983,1,9434,4000000,424,424,https://hk.centanet.com/findproperty/transaction-detail/鴻運中心_26071701280019
元朗區,新界,鉅發大廈,Kui Fat Building,1990,1,8518,3850000,452,452,https://hk.centanet.com/findproperty/transaction-detail/鉅發大廈_26071701980171
元朗區,新界,光華中心,Kwong Wah Centre,1983,1,6407,2800000,437,437,https://hk.centanet.com/findproperty/transaction-detail/光華中心_26071600141120
元朗區,新界,豪景富居,Noble Park,1996,1,8523,6000000,704,704,https://hk.centanet.com/findproperty/transaction-detail/豪景富居_26071500970016
元朗區,新界,瑧頤,Atrium House,2020,1,11912,5170000,434,434,https://hk.centanet.com/findproperty/transaction-detail/瑧頤_26071500990014
元朗區,新界,錦繡花園 C段第八街,"Fairview Park Section C, 8Th Street",1989,1,11111,9900000,891,891,https://hk.centanet.com/findproperty/transaction-detail/錦繡花園-C段第八街_GPT202607S0035
元朗區,新界,興發樓,Hing Fat Building,1985,1,5139,1480000,288,288,https://hk.centanet.com/findproperty/transaction-detail/興發樓_26071400880049
元朗區,新界,福安樓,Fook On Building (Fuk On House),1976,1,6143,1800000,293,293,https://hk.centanet.com/findproperty/transaction-detail/福安樓_26071401480166
元朗區,新界,德祥樓,Tak Cheung Building,1979,1,5000,1800000,360,360,https://hk.centanet.com/findproperty/transaction-detail/德祥樓_26071401980067
元朗區,新界,好景樓,Ho King Building,1977,1,8065,3460000,429,429,https://hk.centanet.com/findproperty/transaction-detail/好景樓_26071401980089
元朗區,新界,好旺洋樓,Ho Wang Building,1983,1,9041,2450000,271,271,https://hk.centanet.com/findproperty/transaction-detail/好旺洋樓_26071401980102
元朗區,新界,天祐苑,Tin Yau Court,1992,1,8401,4520000,538,538,https://hk.centanet.com/findproperty/transaction-detail/天祐苑_26071402120351
元朗區,新界,加州花園 1期E 雅仕居 日葵徑,Palm Springs Phase 1E Arcadia Sunflower,1994,1,10277,14100000,1372,1372,https://hk.centanet.com/findproperty/transaction-detail/加州花園-1期E-雅仕居-日葵徑_GJA202606S0518
元朗區,新界,錦繡花園 河北第八街,Fairview Park 8Th Street River North,1981,1,11025,15380000,1395,1395,https://hk.centanet.com/findproperty/transaction-detail/錦繡花園-河北第八街_GJA202606S0920
元朗區,新界,朗城滙,Sol City,2019,1,16718,5400000,323,323,https://hk.centanet.com/findproperty/transaction-detail/朗城滙_26071300510062
元朗區,新界,帝庭居 1期,Imperial Villas Phase 1,2003,1,8921,5620000,630,630,https://hk.centanet.com/findproperty/transaction-detail/帝庭居-1期_26071301270036
元朗區,新界,喜利大廈,Healey Building,1980,1,9956,2250000,226,226,https://hk.centanet.com/findproperty/transaction-detail/喜利大廈_26071301850216
元朗區,新界,宏發大廈,Wun Fat Building,1981,1,10037,2700000,269,269,https://hk.centanet.com/findproperty/transaction-detail/宏發大廈_26071301850243
元朗區,新界,柏瓏 1A期 柏瓏I,Grand Mayfair Phase 1A Grand Mayfair I,2024,1,17848,13600000,762,762,https://hk.centanet.com/findproperty/transaction-detail/柏瓏-1A期-柏瓏-I_NKQ1202606S0242
元朗區,新界,海錦豪園,Royal Camellia,1997,1,9084,12200000,1343,1343,https://hk.centanet.com/findproperty/transaction-detail/海錦豪園_WUV202606S0854
元朗區,新界,Wetland Seasons Bay 2期,Wetland Seasons Bay Phase 2,2022,1,14083,10900000,774,774,https://hk.centanet.com/findproperty/transaction-detail/Wetland-Seasons-Bay-2期_26071000170071
元朗區,新界,The Yoho Hub B期,The Yoho Hub Phase B,2022,1,18395,6420000,349,349,https://hk.centanet.com/findproperty/transaction-detail/The-Yoho-Hub-B期_26071000260165
元朗區,新界,嘉利園,Carmine Court,1991,1,6318,3500000,554,554,https://hk.centanet.com/findproperty/transaction-detail/嘉利園_26071002100110
元朗區,新界,信發大廈 (順發大廈),Shun Fat Building,1988,1,8904,3250000,365,365,https://hk.centanet.com/findproperty/transaction-detail/信發大廈-順發大廈_26071002200130
元朗區,新界,錦繡花園 E段第三街,"Fairview Park Section E, 3Rd Street",1986,1,11939,10100000,846,846,https://hk.centanet.com/findproperty/transaction-detail/錦繡花園-E段第三街_UDT202606S0843
元朗區,新界,金閣豪園,Casa De Oro,1999,1,8728,8100000,928,928,https://hk.centanet.com/findproperty/transaction-detail/金閣豪園_26070900020101
元朗區,新界,豐裕軒,Opulence Height,2002,1,11804,4450000,377,377,https://hk.centanet.com/findproperty/transaction-detail/豐裕軒_26070900190111
元朗區,新界,阜財街63號,63 Fau Tsoi Street,1960,1,5429,3800000,700,700,https://hk.centanet.com/findproperty/transaction-detail/阜財街63號_26070801890038
元朗區,新界,夏威夷豪園,Casa Paradizo,1997,1,10106,10480000,1037,1037,https://hk.centanet.com/findproperty/transaction-detail/夏威夷豪園_26070802080080
元朗區,新界,合益廣場,Hop Yick Plaza,1997,1,8057,6800000,844,844,https://hk.centanet.com/findproperty/transaction-detail/合益廣場_26070700020105
元朗區,新界,紀業樓,Kei Yip Building (Ki Yip House),1978,1,5115,2000000,391,391,https://hk.centanet.com/findproperty/transaction-detail/紀業樓_26070700640033
元朗區,新界,柏瓏 1B期 柏瓏II,Grand Mayfair Phase 1B Grand Mayfair II,2024,1,17050,13060000,766,766,https://hk.centanet.com/findproperty/transaction-detail/柏瓏-1B期-柏瓏-II_26070700660039
元朗區,新界,元發樓,Yuen Fat House,1976,1,5926,2400000,405,405,https://hk.centanet.com/findproperty/transaction-detail/元發樓_26070700720112
元朗區,新界,天麗苑,Tin Lai Court,1997,1,9238,4000000,433,433,https://hk.centanet.com/findproperty/transaction-detail/天麗苑_26070700770121
元朗區,新界,蝶翠峰 2期,Sereno Verde Phase 2,2002,1,8679,6900000,795,795,https://hk.centanet.com/findproperty/transaction-detail/蝶翠峰-2期_YL5202606S0675
元朗區,新界,紫荊樓二期,Tse King House Stage Ii,1973,1,4623,1900000,411,411,https://hk.centanet.com/findproperty/transaction-detail/紫荊樓二期_26070601080078
元朗區,新界,朗峰園,Symphony Garden,1996,1,8977,3950000,440,440,https://hk.centanet.com/findproperty/transaction-detail/朗峰園_26070601400048
元朗區,新界,榮興閣,Wing Hing Court,1986,1,5053,2380000,471,471,https://hk.centanet.com/findproperty/transaction-detail/榮興閣_26070300140078
元朗區,新界,冠煌樓,Koon Wong Mansion,1972,1,7089,3268000,461,461,https://hk.centanet.com/findproperty/transaction-detail/冠煌樓_26070301620377
元朗區,新界,蔚林,The Woodside,2014,1,9949,5900000,593,593,https://hk.centanet.com/findproperty/transaction-detail/蔚林_26070301830018
元朗區,新界,峻巒 2B期 Park Yoho Napoli,Park Yoho Phase 2B Park Yoho Napoli,2017,1,12381,5980000,483,483,https://hk.centanet.com/findproperty/transaction-detail/峻巒-2B期-Park-Yoho-Napoli_NYR4202606S0191
元朗區,新界,Wetland Seasons Bay 3期,Wetland Seasons Bay Phase 3,2022,1,13591,5980000,440,440,https://hk.centanet.com/findproperty/transaction-detail/Wetland-Seasons-Bay-3期_26070200210119
元朗區,新界,蝶翠峰 4期 綠庭園,Sereno Verde Phase 4 La Pradera,2002,1,8305,6420000,773,773,https://hk.centanet.com/findproperty/transaction-detail/蝶翠峰-4期-綠庭園_26070200350036
元朗區,新界,好彩洋樓,Ho Choi Building,1980,1,8507,2280000,268,268,https://hk.centanet.com/findproperty/transaction-detail/好彩洋樓_26070200780032
元朗區,新界,好悅洋樓,Ho Yuet Building,1983,1,5725,1580000,276,276,https://hk.centanet.com/findproperty/transaction-detail/好悅洋樓_26070201030026
元朗區,新界,翠逸雅園 2期,Rolling Hills Phase 2,2004,1,7742,12000000,1550,1550,https://hk.centanet.com/findproperty/transaction-detail/翠逸雅園-2期_26070201170071
元朗區,新界,錦繡花園 M段第一街,"Fairview Park Section M, 1St Street",1985,1,10953,9880000,902,902,https://hk.centanet.com/findproperty/transaction-detail/錦繡花園-M段第一街_26070201170145
元朗區,新界,萬豐大廈,Man Fung Building,1983,1,11504,2968000,258,258,https://hk.centanet.com/findproperty/transaction-detail/萬豐大廈_26063002740111
元朗區,新界,好順意大廈,Ho Shun Yee Building,1987,1,12331,3280000,266,266,https://hk.centanet.com/findproperty/transaction-detail/好順意大廈_26063002850017
元朗區,新界,東輝閣,Tung Fai Court,1984,1,8446,2500000,296,296,https://hk.centanet.com/findproperty/transaction-detail/東輝閣_26063002850069
元朗區,新界,金福閣,Kam Fook Court,1984,1,7323,2380000,325,325,https://hk.centanet.com/findproperty/transaction-detail/金福閣_26063002850072
元朗區,新界,偉發大廈,Wai Fat Building,1989,1,10157,4408000,434,434,https://hk.centanet.com/findproperty/transaction-detail/偉發大廈_26063002850106
元朗區,新界,聯發樓,Luen Fat House,1977,1,4897,1910000,390,390,https://hk.centanet.com/findproperty/transaction-detail/聯發樓_26062900940095
元朗區,新界,好景洋樓,Ho King Building,1977,1,7419,2300000,310,310,https://hk.centanet.com/findproperty/transaction-detail/好景洋樓_26062901000179
元朗區,新界,朗景臺,Crystal Park,1995,1,10273,4900000,477,477,https://hk.centanet.com/findproperty/transaction-detail/朗景臺_26062902340241
元朗區,新界,The Yoho Hub C期 The Yoho Hub II,The Yoho Hub Phase C The Yoho Hub II,2023,1,17039,8400000,493,493,https://hk.centanet.com/findproperty/transaction-detail/The-Yoho-Hub-C期-The-Yoho-Hub-II_26062902340424
元朗區,新界,華昌樓,Wah Cheung Mansion,1972,1,5515,3000000,544,544,https://hk.centanet.com/findproperty/transaction-detail/華昌樓_26062902340540
元朗區,新界,龍珠樓,Lung Chu Building,1975,1,4727,2250000,476,476,https://hk.centanet.com/findproperty/transaction-detail/龍珠樓_26062902340575
元朗區,新界,峻巒 1C期 Park Yoho Sicilia,Park Yoho Phase 1C Park Yoho Sicilia,2015,1,11429,5600000,490,490,https://hk.centanet.com/findproperty/transaction-detail/峻巒-1C期-Park-Yoho-Sicilia_26062600210606
元朗區,新界,國華大廈,Kwok Wah Mansion,1971,1,5479,3430000,626,626,https://hk.centanet.com/findproperty/transaction-detail/國華大廈_26062600220036
元朗區,新界,翠韻華庭,Greenery Place,2001,1,8276,5760000,696,696,https://hk.centanet.com/findproperty/transaction-detail/翠韻華庭_26062602030020
元朗區,新界,御景園,Scenic Gardens,1997,1,9579,4550000,475,475,https://hk.centanet.com/findproperty/transaction-detail/御景園_26062602540476
北區,新界,山麗苑,Shan Lai Court,2021,9,8093,3120000,278,451,https://hk.centanet.com/findproperty/transaction-detail/山麗苑_26071300200097
北區,新界,粉嶺名都,Fanling Town Center,1993,8,10714,4405000,376,454,https://hk.centanet.com/findproperty/transaction-detail/粉嶺名都_26072100020052
北區,新界,牽晴間,Dawning Views,1999,7,11607,4828000,384,556,https://hk.centanet.com/findproperty/transaction-detail/牽晴間_26072202070056
北區,新界,彩蒲苑,Choi Po Court,1984,7,9087,3250000,338,438,https://hk.centanet.com/findproperty/transaction-detail/彩蒲苑_WPM202607S0178
北區,新界,上水中心,Sheung Shui Centre,1993,6,13552,4800000,330,623,https://hk.centanet.com/findproperty/transaction-detail/上水中心_26071600220164
北區,新界,帝庭軒 1期,Regentville Phase 1,2000,5,11449,5358000,419,468,https://hk.centanet.com/findproperty/transaction-detail/帝庭軒-1期_26072200470019
北區,新界,翠麗花園,Tsui Lai Garden,1989,5,7034,3488000,427,590,https://hk.centanet.com/findproperty/transaction-detail/翠麗花園_26071001250018
北區,新界,粉嶺中心 2期,Fanling Centre Phase 2,1991,4,10592,4950000,365,520,https://hk.centanet.com/findproperty/transaction-detail/粉嶺中心-2期_26072300230088
北區,新界,One Innovale 1期,One Innovale Phase 1,2022,4,13494,4025000,284,315,https://hk.centanet.com/findproperty/transaction-detail/One-Innovale-1期_OL5202607S0091
北區,新界,碧湖花園,Avon Park,1994,4,10989,4450000,400,491,https://hk.centanet.com/findproperty/transaction-detail/碧湖花園_OL5202607S0092
北區,新界,天平邨,Tin Ping Estate,1989,3,7163,2500000,349,485,https://hk.centanet.com/findproperty/transaction-detail/天平邨_26072301340011
北區,新界,御景峰,No. 8 Royal Green,2009,3,10980,7040000,594,663,https://hk.centanet.com/findproperty/transaction-detail/御景峰_26072200260143
北區,新界,蔚翠花園,Greenpark Villa,1994,3,9078,6500000,716,729,https://hk.centanet.com/findproperty/transaction-detail/蔚翠花園_26072200260175
北區,新界,新都廣場,Metropolis Plaza,1991,3,12082,5120000,411,549,https://hk.centanet.com/findproperty/transaction-detail/新都廣場_26072202070231
北區,新界,安盛苑,On Shing Court,1990,3,8045,3080000,376,404,https://hk.centanet.com/findproperty/transaction-detail/安盛苑_26072000820296
北區,新界,逸峯,Green Code,2014,3,12418,5700000,299,505,https://hk.centanet.com/findproperty/transaction-detail/逸峯_26071501900381
北區,新界,皇府山,Noble Hill,2006,3,11479,6350000,503,791,https://hk.centanet.com/findproperty/transaction-detail/皇府山_26071400300034
北區,新界,祥華邨,Cheung Wah Estate,1984,3,7955,2550000,277,381,https://hk.centanet.com/findproperty/transaction-detail/祥華邨_26071300300176
北區,新界,嘉盛苑,Ka Shing Court,1995,3,7875,4300000,546,606,https://hk.centanet.com/findproperty/transaction-detail/嘉盛苑_26071301380063
北區,新界,上水名都,Sheungshui Town Center,1992,2,10897,4475000,369,448,https://hk.centanet.com/findproperty/transaction-detail/上水名都_26072201970022
北區,新界,雍盛苑,Yung Shing Court,2000,2,7684,4500000,539,636,https://hk.centanet.com/findproperty/transaction-detail/雍盛苑_OL5202606S0695
北區,新界,榮福中心,Wing Fok Centre,1993,2,6942,4100000,589,592,https://hk.centanet.com/findproperty/transaction-detail/榮福中心_26072100430022
北區,新界,美景新邨,Good View New Village,1983,2,7784,3075000,368,428,https://hk.centanet.com/findproperty/transaction-detail/美景新邨_26071701090109
北區,新界,花都廣場,Flora Plaza,1995,2,11000,5000000,392,526,https://hk.centanet.com/findproperty/transaction-detail/花都廣場_26071400450106
北區,新界,御皇庭,Royal Green,2006,2,12206,5773000,400,548,https://hk.centanet.com/findproperty/transaction-detail/御皇庭_26071400770173
北區,新界,欣盛苑,Yan Shing Court,1993,2,7890,3164000,401,401,https://hk.centanet.com/findproperty/transaction-detail/欣盛苑_26071300300180
北區,新界,昌盛苑,Cheong Shing Court,2000,2,7616,4950000,650,650,https://hk.centanet.com/findproperty/transaction-detail/昌盛苑_26071000840097
北區,新界,順欣花園,Sunningdale Garden,1992,2,9013,4605000,428,582,https://hk.centanet.com/findproperty/transaction-detail/順欣花園_26070600830059
北區,新界,景盛苑,King Shing Court,1995,2,9232,4030000,435,438,https://hk.centanet.com/findproperty/transaction-detail/景盛苑_26070300180139
北區,新界,粉嶺花園,Fanling Garden,1987,1,8351,3900000,467,467,https://hk.centanet.com/findproperty/transaction-detail/粉嶺花園_26072200350360
北區,新界,石湖樓,Shek Wu Mansion,1977,1,6792,2900000,427,427,https://hk.centanet.com/findproperty/transaction-detail/石湖樓_26072100330013
北區,新界,瓏山一號,Mount One,2014,1,11338,8050000,710,710,https://hk.centanet.com/findproperty/transaction-detail/瓏山一號_26072000300124
北區,新界,奕翠園,Woodland Crest,1996,1,11429,11680000,1022,1022,https://hk.centanet.com/findproperty/transaction-detail/奕翠園_26072001330015
北區,新界,天巒,Valais,2009,1,15813,31800000,2011,2011,https://hk.centanet.com/findproperty/transaction-detail/天巒_26072001370176
北區,新界,粉嶺中心 1期,Fanling Centre Phase 1,1990,1,12141,4468000,368,368,https://hk.centanet.com/findproperty/transaction-detail/粉嶺中心-1期_26071500270037
北區,新界,新豐大廈,San Fung Building,1993,1,8746,3000000,343,343,https://hk.centanet.com/findproperty/transaction-detail/新豐大廈_26071400250758
北區,新界,囍逸,Commune Modern,2018,1,12128,5700000,470,470,https://hk.centanet.com/findproperty/transaction-detail/囍逸_26071400770142
北區,新界,One Innovale 3期,One Innovale Phase 3,2022,1,17632,14000000,794,794,https://hk.centanet.com/findproperty/transaction-detail/One-Innovale-3期_26071402060128
北區,新界,新發街20號,20 San Fat Street,1965,1,4209,1650000,392,392,https://hk.centanet.com/findproperty/transaction-detail/新發街20號_26071402090072
北區,新界,St. Andrew's Place,St. Andrews Place,2005,1,10167,34000000,3344,3344,https://hk.centanet.com/findproperty/transaction-detail/St.-Andrew-s-Place_26071301510036
北區,新界,帝庭軒 御庭軒,Regentville Grand Regentville,2002,1,12571,5280000,420,420,https://hk.centanet.com/findproperty/transaction-detail/帝庭軒-御庭軒_26071000230028
北區,新界,御林皇府,The Royal Oaks,2004,1,9091,36800000,4048,4048,https://hk.centanet.com/findproperty/transaction-detail/御林皇府_26071001650014
北區,新界,安國新邨,On Kwok Villa,1980,1,8895,3380000,380,380,https://hk.centanet.com/findproperty/transaction-detail/安國新邨_26070900800121
北區,新界,榮輝中心,Wing Fai Centre,1996,1,6098,3500000,574,574,https://hk.centanet.com/findproperty/transaction-detail/榮輝中心_26070800830181
北區,新界,綠悠軒,Belair Monte,1998,1,9368,4000000,427,427,https://hk.centanet.com/findproperty/transaction-detail/綠悠軒_26070700290583
北區,新界,華明邨,Wah Ming Estate,1990,1,4244,1880000,443,443,https://hk.centanet.com/findproperty/transaction-detail/華明邨_26070702050382
北區,新界,One Innovale 2期,One Innovale Phase 2,2022,1,13288,2950000,222,222,https://hk.centanet.com/findproperty/transaction-detail/One-Innovale-2期_26070702050411
北區,新界,旭埔苑,Yuk Po Court,1982,1,7747,4230000,546,546,https://hk.centanet.com/findproperty/transaction-detail/旭埔苑_NHI1202606S0192
北區,新界,富貴樓,Fu Kwai Building,1983,1,5495,3050000,555,555,https://hk.centanet.com/findproperty/transaction-detail/富貴樓_26070200140015
北區,新界,尚澄,Marin Point,2018,1,9011,3920000,435,435,https://hk.centanet.com/findproperty/transaction-detail/尚澄_26063000810221
北區,新界,新祥街12號,12 San Cheung Street,1965,1,3268,2500000,765,765,https://hk.centanet.com/findproperty/transaction-detail/新祥街12號_26062900120264
北區,新界,賓(濱)苑,Pun (Ben) Yuen Building,1982,1,4101,1620000,395,395,https://hk.centanet.com/findproperty/transaction-detail/賓-濱-苑_26062900270016
北區,新界,美輪大樓,May Lun Building,1977,1,6478,2980000,460,460,https://hk.centanet.com/findproperty/transaction-detail/美輪大樓_26062902350511
北區,新界,欣翠花園,Cheerful Park,1992,1,9359,5690000,608,608,https://hk.centanet.com/findproperty/transaction-detail/欣翠花園_26062902570077
北區,新界,威尼斯花園,Venice Garden,1993,1,9599,4185000,436,436,https://hk.centanet.com/findproperty/transaction-detail/威尼斯花園_26062600180073
北區,新界,海禧華庭,Royal Jubilee,2001,1,10736,4230000,394,394,https://hk.centanet.com/findproperty/transaction-detail/海禧華庭_26062600920025
大埔區,新界,宏福苑,Wang Fuk Court,1983,388,8000,3736000,431,483,https://hk.centanet.com/findproperty/transaction-detail/宏福苑_26072300220032
大埔區,新界,天鑽,The Regent,2020,9,13523,8480000,457,820,https://hk.centanet.com/findproperty/transaction-detail/天鑽_26072000600032
大埔區,新界,天賦海灣 2期 溋玥,Providence Bay Phase 2 Providence Peak,2012,7,12123,15300000,897,1737,https://hk.centanet.com/findproperty/transaction-detail/天賦海灣-2期-溋玥_RLB202607S0183
大埔區,新界,太湖花園 1期,Serenity Park Phase 1,1992,7,12930,4700000,355,440,https://hk.centanet.com/findproperty/transaction-detail/太湖花園-1期_26072301340030
大埔區,新界,Silicon Hill University Hill 2B期,Silicon Hill University Hill Phase 2B,2024,6,16223,5840000,217,445,https://hk.centanet.com/findproperty/transaction-detail/Silicon-Hill-University-Hill-2B期_26072200990017
大埔區,新界,嘉熙,Solaria,2019,5,14683,7180000,455,527,https://hk.centanet.com/findproperty/transaction-detail/嘉熙_MJW202607S0281
大埔區,新界,逸瓏灣8,Mayfair By The Sea 8,2021,4,14372,10010000,691,702,https://hk.centanet.com/findproperty/transaction-detail/逸瓏灣8_CNS202607S0275
大埔區,新界,天賦海灣 1期,Providence Bay Phase 1,2012,4,11404,12590000,1097,1140,https://hk.centanet.com/findproperty/transaction-detail/天賦海灣-1期_CY8202607S0248
大埔區,新界,明雅苑,Ming Nga Court,1985,4,10565,3835000,363,438,https://hk.centanet.com/findproperty/transaction-detail/明雅苑_26072200010057
大埔區,新界,海日灣II,Centra Horizon,2020,4,14921,9880000,313,1058,https://hk.centanet.com/findproperty/transaction-detail/海日灣ii_RLB202607S0140
大埔區,新界,朗濤,Ontolo,2020,4,13660,7760000,393,1708,https://hk.centanet.com/findproperty/transaction-detail/朗濤_26071001750076
大埔區,新界,雲滙 1期,St Martin Phase 1,2019,4,14658,6625000,292,629,https://hk.centanet.com/findproperty/transaction-detail/雲滙-1期_26070601360098
大埔區,新界,大埔中心 4期,Tai Po Centre Phase 4,1985,3,12668,4900000,371,451,https://hk.centanet.com/findproperty/transaction-detail/大埔中心-4期_26072301340042
大埔區,新界,逸瓏灣 I,Mayfair By The Sea I,2015,3,11499,10300000,887,1776,https://hk.centanet.com/findproperty/transaction-detail/逸瓏灣-I_RLB202607S0144
大埔區,新界,新達廣場,Uptown Plaza,1991,3,13226,6800000,465,620,https://hk.centanet.com/findproperty/transaction-detail/新達廣場_26072201600015
大埔區,新界,太和邨,Tai Wo Estate,,3,6546,2900000,349,443,https://hk.centanet.com/findproperty/transaction-detail/太和邨_26072100020118
大埔區,新界,海日灣,The Horizon,2019,3,11358,8950000,504,1046,https://hk.centanet.com/findproperty/transaction-detail/海日灣_26071700270145
大埔區,新界,大埔中心 6期,Tai Po Centre Phase 6,1987,3,12276,4800000,391,391,https://hk.centanet.com/findproperty/transaction-detail/大埔中心-6期_26071702180075
大埔區,新界,富善花園,Full Scene Garden,1990,3,10932,4200000,365,432,https://hk.centanet.com/findproperty/transaction-detail/富善花園_26071401900066
大埔區,新界,頌雅苑,Chung Nga Court,1991,3,8916,3950000,443,489,https://hk.centanet.com/findproperty/transaction-detail/頌雅苑_26070701620160
大埔區,新界,Silicon Hill University Hill 2A期,Silicon Hill University Hill Phase 2A,2024,2,16667,6865000,407,417,https://hk.centanet.com/findproperty/transaction-detail/Silicon-Hill-University-Hill-2A期_F2N202607S0205
大埔區,新界,大埔中心 2期,Tai Po Centre Phase 2,1985,2,13246,4050000,299,313,https://hk.centanet.com/findproperty/transaction-detail/大埔中心-2期_OTR202607S0253
大埔區,新界,逸雅苑,Yat Nga Court,1991,2,8604,3225000,374,376,https://hk.centanet.com/findproperty/transaction-detail/逸雅苑_UPT202607S0074
大埔區,新界,帝琴灣 凱琴居,Symphony Bay Villa Rhapsody,1998,2,9672,11750000,1094,1323,https://hk.centanet.com/findproperty/transaction-detail/帝琴灣-凱琴居_26072301800013
大埔區,新界,新峰花園 2期,Classical Gardens Phase 2,1995,2,9848,7040000,588,865,https://hk.centanet.com/findproperty/transaction-detail/新峰花園-2期_26072200810015
大埔區,新界,大埔中心 3期,Tai Po Centre Phase 3,1985,2,12984,4090000,315,315,https://hk.centanet.com/findproperty/transaction-detail/大埔中心-3期_26072100330046
大埔區,新界,寶雅苑,Po Nga Court,1989,2,9255,4100000,443,443,https://hk.centanet.com/findproperty/transaction-detail/寶雅苑_26072100660293
大埔區,新界,怡雅苑,Yee Nga Court,1993,2,7759,4630000,554,645,https://hk.centanet.com/findproperty/transaction-detail/怡雅苑_OF1202606S0949
大埔區,新界,翠屏花園,Jade Plaza,1986,2,11940,3240000,269,274,https://hk.centanet.com/findproperty/transaction-detail/翠屏花園_26071700700060
大埔區,新界,新興花園,Sun Hing Garden,1986,2,8942,4015000,419,468,https://hk.centanet.com/findproperty/transaction-detail/新興花園_26071702040113
大埔區,新界,富雅花園,Elegance Garden,1990,2,9844,5255000,484,592,https://hk.centanet.com/findproperty/transaction-detail/富雅花園_26071702210034
大埔區,新界,嵐山 1期,Mont Vert Phase 1,2014,2,9994,8340000,820,850,https://hk.centanet.com/findproperty/transaction-detail/嵐山-1期_26071600220049
大埔區,新界,滌濤山,Constellation Cove,2002,2,11400,16793500,1101,1912,https://hk.centanet.com/findproperty/transaction-detail/滌濤山_26071300390352
大埔區,新界,大埔廣場,Tai Po Plaza,1984,2,10994,4775000,390,474,https://hk.centanet.com/findproperty/transaction-detail/大埔廣場_26071000200512
大埔區,新界,中嘉閣,Central Plaza,1991,2,9691,3644000,376,376,https://hk.centanet.com/findproperty/transaction-detail/中嘉閣_26071001820010
大埔區,新界,美發大廈,Mei (Mee) Fat Building,1973,2,7092,3850000,339,746,https://hk.centanet.com/findproperty/transaction-detail/美發大廈_26071002100262
大埔區,新界,太湖花園 2期,Serenity Park Phase 2,1994,2,11556,5080000,415,463,https://hk.centanet.com/findproperty/transaction-detail/太湖花園-2期_26063000250312
大埔區,新界,仁興街2號,2 Yan Hing Street,1984,1,6446,1560000,242,242,https://hk.centanet.com/findproperty/transaction-detail/仁興街2號_26072300200161
大埔區,新界,海寶花園,Treasure Garden,1986,1,12745,6500000,510,510,https://hk.centanet.com/findproperty/transaction-detail/海寶花園_26072200220087
大埔區,新界,淺月灣 2期,Casa Marina Phase 2,2000,1,8402,12150000,1446,1446,https://hk.centanet.com/findproperty/transaction-detail/淺月灣-2期_26072201930019
大埔區,新界,松濤閣,Redland Garden,1990,1,10026,7820000,780,780,https://hk.centanet.com/findproperty/transaction-detail/松濤閣_26072202140198
大埔區,新界,美德大廈,Mei (Mee) Tak Building,1977,1,7467,3950000,529,529,https://hk.centanet.com/findproperty/transaction-detail/美德大廈_26072100020087
大埔區,新界,瑞祥樓,Sui Cheung Building (Apartments),1965,1,4300,2180000,507,507,https://hk.centanet.com/findproperty/transaction-detail/瑞祥樓_26072100220084
大埔區,新界,廣福道9號,9 Kwong Fuk Road,1956,1,4265,2700000,633,633,https://hk.centanet.com/findproperty/transaction-detail/廣福道9號_26072100430090
大埔區,新界,新峰花園 4期 御峰豪園,Classical Gardens Phase 4 Grand Dynasty View,1997,1,10313,5600000,543,543,https://hk.centanet.com/findproperty/transaction-detail/新峰花園-4期-御峰豪園_26072100660319
大埔區,新界,廣安大廈,Kwong On Building,1982,1,9888,3530000,357,357,https://hk.centanet.com/findproperty/transaction-detail/廣安大廈_26072101290147
大埔區,新界,大埔寶馬山,Grand Palisades,1997,1,11253,5998000,533,533,https://hk.centanet.com/findproperty/transaction-detail/大埔寶馬山_BJJ202607S0147
大埔區,新界,樂賢居,Riviena (Riviera) Lodge,1995,1,11538,4350000,377,377,https://hk.centanet.com/findproperty/transaction-detail/樂賢居_NEN6202604S0190
大埔區,新界,富景閣,Fullview Court,2000,1,10633,4200000,395,395,https://hk.centanet.com/findproperty/transaction-detail/富景閣_26071700150048
大埔區,新界,德雅苑,Tak Nga Court,1992,1,9413,4170000,443,443,https://hk.centanet.com/findproperty/transaction-detail/德雅苑_26071700560055
大埔區,新界,康樂園 第十一街,Hong Lok Yuen Eleventh Street,1985,1,13636,15900000,1166,1166,https://hk.centanet.com/findproperty/transaction-detail/康樂園-第十一街_26071601730069
大埔區,新界,永祥大廈,Wing Cheung Building,1980,1,6735,1650000,245,245,https://hk.centanet.com/findproperty/transaction-detail/永祥大廈_26071500210038
大埔區,新界,康樂園 第十八街,Hong Lok Yuen Eighteenth Street,1989,1,11519,16000000,1389,1389,https://hk.centanet.com/findproperty/transaction-detail/康樂園-第十八街_26071400620055
大埔區,新界,帝琴灣 凱弦居,Symphony Bay Villa Concerto,1998,1,12221,12600000,1031,1031,https://hk.centanet.com/findproperty/transaction-detail/帝琴灣-凱弦居_FGA202606S0914
大埔區,新界,康樂園 第二十一街,Hong Lok Yuen Twenty-First Street,1980,1,14454,17880000,1237,1237,https://hk.centanet.com/findproperty/transaction-detail/康樂園-第二十一街_26071300350051
大埔區,新界,美馨大廈,Mei Hing Mansion,1984,1,8750,2800000,320,320,https://hk.centanet.com/findproperty/transaction-detail/美馨大廈_26071300660226
大埔區,新界,富亨邨,Fu Heng Estate,,1,5361,2600000,485,485,https://hk.centanet.com/findproperty/transaction-detail/富亨邨_26071301880096
大埔區,新界,榮明花園,Wing Ming Garden,1990,1,10106,4750000,470,470,https://hk.centanet.com/findproperty/transaction-detail/榮明花園_BJJ202606S0813
大埔區,新界,麗和閣,Reve Plaza,1991,1,9707,3980000,410,410,https://hk.centanet.com/findproperty/transaction-detail/麗和閣_UPT202606S0922
大埔區,新界,運頭塘邨,Wan Tau Tong Estate,,1,6598,3200000,485,485,https://hk.centanet.com/findproperty/transaction-detail/運頭塘邨_26071000250114
大埔區,新界,嘉豐花園,Richwood Park,1995,1,8888,7750000,872,872,https://hk.centanet.com/findproperty/transaction-detail/嘉豐花園_26071000670027
大埔區,新界,泰和樓,Tai Wo Building,1963,1,4030,3200000,794,794,https://hk.centanet.com/findproperty/transaction-detail/泰和樓_26070901400019
大埔區,新界,景雅苑,King Nga Court,1992,1,6983,2800000,401,401,https://hk.centanet.com/findproperty/transaction-detail/景雅苑_26070901870482
大埔區,新界,富善邨,Fu Shin Estate,,1,5302,2020000,381,381,https://hk.centanet.com/findproperty/transaction-detail/富善邨_26070702050349
大埔區,新界,比華利山別墅 1期,The Beverly Hills Phase 1,2002,1,9858,18750000,1902,1902,https://hk.centanet.com/findproperty/transaction-detail/比華利山別墅-1期_26070300190059
大埔區,新界,大埔中心 5期,Tai Po Centre Phase 5,1987,1,12482,5080000,407,407,https://hk.centanet.com/findproperty/transaction-detail/大埔中心-5期_26070301400057
大埔區,新界,倚龍山莊,Forest Hill,1996,1,9026,14000000,1551,1551,https://hk.centanet.com/findproperty/transaction-detail/倚龍山莊_26070200170043
大埔區,新界,汀雅苑,Ting Nga Court,1981,1,9503,5350000,563,563,https://hk.centanet.com/findproperty/transaction-detail/汀雅苑_26070200210125
大埔區,新界,富萊花園 1期,Fuller Gardens Phase 1,1997,1,12399,6150000,496,496,https://hk.centanet.com/findproperty/transaction-detail/富萊花園-1期_26063000810270
大埔區,新界,天賦海灣 3期 海鑽,Providence Bay Phase 3 The Graces,2012,1,13016,20800000,1598,1598,https://hk.centanet.com/findproperty/transaction-detail/天賦海灣-3期-海鑽_26063002250419
大埔區,新界,翠怡花園,Greenery Plaza,1986,1,12413,3550000,286,286,https://hk.centanet.com/findproperty/transaction-detail/翠怡花園_26062900250045
大埔區,新界,康樂園 第二十二街,Hong Lok Yuen Twenty Second Street,1988,1,15132,23500000,1553,1553,https://hk.centanet.com/findproperty/transaction-detail/康樂園-第二十二街_26062900870297
大埔區,新界,新翠山莊,Villa Castell,1992,1,12337,18000000,1459,1459,https://hk.centanet.com/findproperty/transaction-detail/新翠山莊_26062601770054
沙田區,新界,沙田第一城 4期,City One Shatin Site 4,1985,10,14984,4505000,284,304,https://hk.centanet.com/findproperty/transaction-detail/沙田第一城-4期_26072301440022
沙田區,新界,銀湖．天峰,Lake Silver,2009,10,15462,10409000,541,1856,https://hk.centanet.com/findproperty/transaction-detail/銀湖．天峰_26071701260328
沙田區,新界,御龍山,The Palazzo,2008,9,17407,13500000,563,1506,https://hk.centanet.com/findproperty/transaction-detail/御龍山_26072201030014
沙田區,新界,沙田第一城 5期,City One Shatin Site 5,1985,8,15329,4680000,284,688,https://hk.centanet.com/findproperty/transaction-detail/沙田第一城-5期_26071700270138
沙田區,新界,玖瓏山,Dragons Range,2015,7,11579,8300000,657,1014,https://hk.centanet.com/findproperty/transaction-detail/玖瓏山_26072301700212
沙田區,新界,河畔花園,Garden Rivera,1984,7,14981,3950000,242,269,https://hk.centanet.com/findproperty/transaction-detail/河畔花園_26072200260168
沙田區,新界,星凱．堤岸,The Arles,2023,7,19452,6800000,344,568,https://hk.centanet.com/findproperty/transaction-detail/星凱．堤岸_26072200540551
沙田區,新界,銀禧花園,Jubilee Garden,1985,7,11686,5960000,506,510,https://hk.centanet.com/findproperty/transaction-detail/銀禧花園_CY4202607S0113
沙田區,新界,迎海 3期 迎海‧星灣御,Double Cove Phase 3 Double Cove Starview Prime,2015,6,15840,7990000,480,564,https://hk.centanet.com/findproperty/transaction-detail/迎海-3期-迎海‧星灣御_26072300810152
沙田區,新界,沙田中心,Shatin Centre,1981,6,15154,5185000,288,357,https://hk.centanet.com/findproperty/transaction-detail/沙田中心_RAT202607S0189
沙田區,新界,金獅花園 1期,Golden Lion Garden Phase 1,1986,6,13584,3740000,266,285,https://hk.centanet.com/findproperty/transaction-detail/金獅花園-1期_26072202020135
沙田區,新界,金獅花園 2期,Golden Lion Garden Phase 2,1987,6,12590,4184000,321,336,https://hk.centanet.com/findproperty/transaction-detail/金獅花園-2期_26071400450161
沙田區,新界,錦泰苑,Kam Tai Court,2000,6,9869,5850000,506,650,https://hk.centanet.com/findproperty/transaction-detail/錦泰苑_26071000260139
沙田區,新界,海典灣,Ocean View,2003,5,15018,8550000,476,819,https://hk.centanet.com/findproperty/transaction-detail/海典灣_PQX202607S0211
沙田區,新界,旭禾苑,Yuk Wo Court,2020,5,11258,3400000,295,398,https://hk.centanet.com/findproperty/transaction-detail/旭禾苑_26072200780029
沙田區,新界,嘉田苑,Ka Tin Court,1988,5,9313,4450000,469,504,https://hk.centanet.com/findproperty/transaction-detail/嘉田苑_26072202020162
沙田區,新界,富安花園,Chevalier Garden,1987,5,8122,4600000,437,591,https://hk.centanet.com/findproperty/transaction-detail/富安花園_26072000150190
沙田區,新界,偉華中心,Wai Wah Centre,1986,5,16145,5100000,297,358,https://hk.centanet.com/findproperty/transaction-detail/偉華中心_26071701900012
沙田區,新界,雲疊花園,Carado Garden,1989,5,8482,5030000,482,593,https://hk.centanet.com/findproperty/transaction-detail/雲疊花園_26071002080357
沙田區,新界,翠擁華庭,Monte Vista,2000,4,10872,9300000,781,927,https://hk.centanet.com/findproperty/transaction-detail/翠擁華庭_26072300370170
沙田區,新界,名城 1期,Festival City Phase 1,2010,4,18006,13150000,677,785,https://hk.centanet.com/findproperty/transaction-detail/名城-1期_26072301690029
沙田區,新界,富寶花園,Saddle Ridge Garden,1993,4,6976,4099000,583,592,https://hk.centanet.com/findproperty/transaction-detail/富寶花園_26072200180032
沙田區,新界,聽濤雅苑 1期,Vista Paradiso Phase 1,1998,4,11801,9139000,733,815,https://hk.centanet.com/findproperty/transaction-detail/聽濤雅苑-1期_26072200660264
沙田區,新界,恆安邨,Heng On Estate,,4,7272,2990000,349,485,https://hk.centanet.com/findproperty/transaction-detail/恆安邨_26072101850020
沙田區,新界,晉名峰,The Grandville,2006,4,13486,11800000,790,875,https://hk.centanet.com/findproperty/transaction-detail/晉名峰_26072101960101
沙田區,新界,泓碧,Altissimo,2020,4,13884,6700000,273,511,https://hk.centanet.com/findproperty/transaction-detail/泓碧_26072000300137
沙田區,新界,迎海 2期 迎海‧星灣,Double Cove Phase 2 Double Cove Starview,2014,4,16441,15480000,479,1379,https://hk.centanet.com/findproperty/transaction-detail/迎海-2期-迎海‧星灣_UGX202607S0070
沙田區,新界,柏傲莊 2期,The Pavilia Farm Phase 2,2022,4,23327,9490000,265,668,https://hk.centanet.com/findproperty/transaction-detail/柏傲莊-2期_26071700160897
沙田區,新界,蔚景園,Scenery Court,1989,4,14315,5740000,369,459,https://hk.centanet.com/findproperty/transaction-detail/蔚景園_26071700450210
沙田區,新界,穗禾苑,Sui Wo Court,1980,4,7815,4050000,471,617,https://hk.centanet.com/findproperty/transaction-detail/穗禾苑_26071401430010
沙田區,新界,碧濤花園 1期,Pictorial Garden Phase 1,1991,4,10384,6790000,646,662,https://hk.centanet.com/findproperty/transaction-detail/碧濤花園-1期_26070301010035
沙田區,新界,錦鞍苑,Kam On Court,1987,3,8664,4020000,401,554,https://hk.centanet.com/findproperty/transaction-detail/錦鞍苑_26072300370182
沙田區,新界,溱岸8號,The Riverpark,2012,3,21797,20380000,725,1476,https://hk.centanet.com/findproperty/transaction-detail/溱岸8號_26072301700056
沙田區,新界,名城 3期 盛世,Festival City Phase 3,2011,3,16069,13490000,688,958,https://hk.centanet.com/findproperty/transaction-detail/名城-3期-盛世_26072201080104
沙田區,新界,天宇海,Oceanaire,2011,3,12313,8550000,670,758,https://hk.centanet.com/findproperty/transaction-detail/天宇海_26072201080136
沙田區,新界,錦龍苑,Kam Lung Court,1993,3,9302,3730000,401,401,https://hk.centanet.com/findproperty/transaction-detail/錦龍苑_26072201260014
沙田區,新界,新港城 4期,Sunshine City Phase 4,1994,3,17308,6000000,338,519,https://hk.centanet.com/findproperty/transaction-detail/新港城-4期_26072202180017
沙田區,新界,豐盛苑,Fung Shing Court,1985,3,9396,3580000,381,381,https://hk.centanet.com/findproperty/transaction-detail/豐盛苑_26072100390062
沙田區,新界,綠怡雅苑,Greenhill Villa,,3,10348,5600000,510,576,https://hk.centanet.com/findproperty/transaction-detail/綠怡雅苑_26072101850085
沙田區,新界,花園城 2期,Shatinpark Stage 2,1984,3,14126,3800000,269,269,https://hk.centanet.com/findproperty/transaction-detail/花園城-2期_UZZ202607S0049
沙田區,新界,沙田第一城 1期,City One Shatin Site 1,1981,3,14985,5050000,327,451,https://hk.centanet.com/findproperty/transaction-detail/沙田第一城-1期_26071701750113
沙田區,新界,希爾頓中心,Hilton Plaza,1985,3,15222,4488000,274,427,https://hk.centanet.com/findproperty/transaction-detail/希爾頓中心_26071702180056
沙田區,新界,名日．九肚山,El Futuro,2022,3,14489,10800000,483,766,https://hk.centanet.com/findproperty/transaction-detail/名日．九肚山_26071501610012
沙田區,新界,耀安邨,Yiu On Estate,,3,5521,2360000,369,489,https://hk.centanet.com/findproperty/transaction-detail/耀安邨_26071501790028
沙田區,新界,名城 2期 盛薈,Festival City Phase 2,2010,3,17253,16580000,678,1038,https://hk.centanet.com/findproperty/transaction-detail/名城-2期-盛薈_CY4202606S0935
沙田區,新界,富豪花園,Belair Gardens,1982,3,9625,6978000,670,831,https://hk.centanet.com/findproperty/transaction-detail/富豪花園_26071401970028
沙田區,新界,廣源邨,Kwong Yuen Estate,,3,5415,2700000,264,598,https://hk.centanet.com/findproperty/transaction-detail/廣源邨_26071402060214
沙田區,新界,薈朗,The Met. Blossom,2017,3,13575,3000000,221,238,https://hk.centanet.com/findproperty/transaction-detail/薈朗_26071001120081
沙田區,新界,美松苑,Mei Chung Court,1996,3,8603,4600000,401,645,https://hk.centanet.com/findproperty/transaction-detail/美松苑_26071002120021
沙田區,新界,錦駿苑,Kam Chun Court,,3,10204,4350000,378,490,https://hk.centanet.com/findproperty/transaction-detail/錦駿苑_26070301580096
沙田區,新界,馬鞍山中心,Ma On Shan Centre,1994,2,12658,5775000,381,522,https://hk.centanet.com/findproperty/transaction-detail/馬鞍山中心_26072300370161
沙田區,新界,雅濤居,The Waterside,1997,2,12664,7915000,501,779,https://hk.centanet.com/findproperty/transaction-detail/雅濤居_26072300740046
沙田區,新界,豐景花園,Scenery Garden,1984,2,9970,6925000,408,1008,https://hk.centanet.com/findproperty/transaction-detail/豐景花園_26072200170099
沙田區,新界,金禧花園,Grandeur Garden,1985,2,15841,5285000,328,340,https://hk.centanet.com/findproperty/transaction-detail/金禧花園_26072201080141
沙田區,新界,沙田廣場,Shatin Plaza,1987,2,13340,8850000,612,722,https://hk.centanet.com/findproperty/transaction-detail/沙田廣場_26072201130444
沙田區,新界,新港城 3期,Sunshine City Phase 3,1994,2,14156,5815000,337,503,https://hk.centanet.com/findproperty/transaction-detail/新港城-3期_26072201240114
沙田區,新界,錦英苑,Kam Ying Court,1991,2,7668,3075000,401,401,https://hk.centanet.com/findproperty/transaction-detail/錦英苑_26072102090211
沙田區,新界,愉景花園,Greenview Garden,1987,2,12092,7294000,524,689,https://hk.centanet.com/findproperty/transaction-detail/愉景花園_26072000111090
沙田區,新界,美城苑,May Shing Court,1984,2,9474,3425000,338,381,https://hk.centanet.com/findproperty/transaction-detail/美城苑_26072001290100
沙田區,新界,新港城 5期 海濤居,Sunshine City Phase 5 The Tolo Place,1996,2,13071,5750000,417,465,https://hk.centanet.com/findproperty/transaction-detail/新港城-5期-海濤居_26072001420324
沙田區,新界,薈蕎,The Met. Acappella,2018,2,14215,5464000,254,516,https://hk.centanet.com/findproperty/transaction-detail/薈蕎_26071600330109
沙田區,新界,花園城 3期,Shatinpark Stage 3,1985,2,12927,3739500,268,312,https://hk.centanet.com/findproperty/transaction-detail/花園城-3期_S.C202607S0029
沙田區,新界,柏傲莊 3期,The Pavilia Farm Phase 3,2026,2,24880,9540000,307,472,https://hk.centanet.com/findproperty/transaction-detail/柏傲莊-3期_AOA202607S0011
沙田區,新界,沙田第一城 6期,City One Shatin Site 6,1986,2,14326,4670000,326,326,https://hk.centanet.com/findproperty/transaction-detail/沙田第一城-6期_26071400450288
沙田區,新界,沙田第一城 2期,City One Shatin Site 2,1982,2,14679,4800000,327,327,https://hk.centanet.com/findproperty/transaction-detail/沙田第一城-2期_26071401790056
沙田區,新界,雅典居,Villa Athena,1994,2,13044,10475000,727,874,https://hk.centanet.com/findproperty/transaction-detail/雅典居_26071300390144
沙田區,新界,嵐岸,Sausalito,2007,2,12752,10730000,701,971,https://hk.centanet.com/findproperty/transaction-detail/嵐岸_AF1202606S0842
沙田區,新界,嘉徑苑,Ka Keng Court,2002,2,9958,5690000,506,650,https://hk.centanet.com/findproperty/transaction-detail/嘉徑苑_26071001930072
沙田區,新界,聚龍居,Parc Royale,1995,2,11537,11690000,749,1241,https://hk.centanet.com/findproperty/transaction-detail/聚龍居_26070800040062
沙田區,新界,濱景花園,Ravana Garden,1988,2,13072,7181500,544,555,https://hk.centanet.com/findproperty/transaction-detail/濱景花園_26070801150018
沙田區,新界,愉翠苑,Yu Chui Court,2001,2,11536,7499000,650,650,https://hk.centanet.com/findproperty/transaction-detail/愉翠苑_26070801370070
沙田區,新界,博康邨,Pok Hong Estate,,2,6315,2115000,277,381,https://hk.centanet.com/findproperty/transaction-detail/博康邨_26070702060070
沙田區,新界,廣林苑,Kwong Lam Court,1990,2,7018,3300000,376,543,https://hk.centanet.com/findproperty/transaction-detail/廣林苑_26070702120054
沙田區,新界,澐灃,La Vetta,2018,2,21775,39276850,1535,2100,https://hk.centanet.com/findproperty/transaction-detail/澐灃_26070600120162
沙田區,新界,安泰樓,On Tai Building,1986,2,11842,3315000,263,299,https://hk.centanet.com/findproperty/transaction-detail/安泰樓_LLH202606S0786
沙田區,新界,帝堡城,Castello,1999,2,13908,9875000,556,873,https://hk.centanet.com/findproperty/transaction-detail/帝堡城_TSN202606S0644
沙田區,新界,沙田渣甸山花園,Ville De Jardin,1988,1,15277,29500000,1931,1931,https://hk.centanet.com/findproperty/transaction-detail/沙田渣甸山花園_26072301740045
沙田區,新界,翠麗花園,Green Leaves Garden,1987,1,11591,4880000,421,421,https://hk.centanet.com/findproperty/transaction-detail/翠麗花園_26072001290085
沙田區,新界,海福花園,Holford Gardens,1985,1,12518,5120000,409,409,https://hk.centanet.com/findproperty/transaction-detail/海福花園_LLH202607S0055
沙田區,新界,嘉御山,The Great Hill,2007,1,12227,19000000,1554,1554,https://hk.centanet.com/findproperty/transaction-detail/嘉御山_26071702220529
沙田區,新界,聽濤雅苑 2期,Vista Paradiso Phase 2,1999,1,11865,9350000,788,788,https://hk.centanet.com/findproperty/transaction-detail/聽濤雅苑-2期_26071601530138
沙田區,新界,錦暉苑,Kam Fai Court,2020,1,11417,4350000,381,381,https://hk.centanet.com/findproperty/transaction-detail/錦暉苑_26071500220358
沙田區,新界,錦禧苑,Kam Hay Court,1990,1,5860,2350000,401,401,https://hk.centanet.com/findproperty/transaction-detail/錦禧苑_26071500850034
沙田區,新界,迎海 4期 迎海．駿岸,Double Cove Phase 4 Double Cove Grandview,2016,1,14427,11700000,811,811,https://hk.centanet.com/findproperty/transaction-detail/迎海-4期-迎海．駿岸_26071500930225
沙田區,新界,觀瀾雅軒,Baycrest,2000,1,12549,12700000,1012,1012,https://hk.centanet.com/findproperty/transaction-detail/觀瀾雅軒_FOR202604S0509
沙田區,新界,新城市廣場 3期,New Town Plaza Phase 3,1991,1,18690,13700000,733,733,https://hk.centanet.com/findproperty/transaction-detail/新城市廣場-3期_UZZ202606S0213
沙田區,新界,柏傲莊 1期,The Pavilia Farm Phase 1,2022,1,24873,13680000,550,550,https://hk.centanet.com/findproperty/transaction-detail/柏傲莊-1期_26071400770256
沙田區,新界,海典居,Villa Oceania,1998,1,14077,13500000,959,959,https://hk.centanet.com/findproperty/transaction-detail/海典居_V.A202606S0831
沙田區,新界,壹號雲頂 1期,Peak One Phase 1,2008,1,16190,17550000,1084,1084,https://hk.centanet.com/findproperty/transaction-detail/壹號雲頂-1期_26071000170354
沙田區,新界,翠景花園,Park View Garden,1994,1,11881,8400000,707,707,https://hk.centanet.com/findproperty/transaction-detail/翠景花園_26071000570158
沙田區,新界,沙田第一城 7期,City One Shatin Site 7,1987,1,13990,4295000,307,307,https://hk.centanet.com/findproperty/transaction-detail/沙田第一城-7期_26070901990253
沙田區,新界,安康樓,On Hong Building,1986,1,10485,3240000,309,309,https://hk.centanet.com/findproperty/transaction-detail/安康樓_LLH202606S0789
沙田區,新界,榕翠園,Ficus Garden,1991,1,10498,11800000,1124,1124,https://hk.centanet.com/findproperty/transaction-detail/榕翠園_26070800830068
沙田區,新界,花園城 1期,Shatinpark Stage 1,1984,1,12937,3700000,286,286,https://hk.centanet.com/findproperty/transaction-detail/花園城-1期_26070801240403
沙田區,新界,迎海 1期,Double Cove Phase 1,2013,1,14855,8200000,552,552,https://hk.centanet.com/findproperty/transaction-detail/迎海-1期_FOR202606S0777
沙田區,新界,雲海 1期,St. Barths Phase 1,2019,1,19945,7300000,366,366,https://hk.centanet.com/findproperty/transaction-detail/雲海-1期_26070700290313
沙田區,新界,全輝中心,Chuen Fai Centre,1985,1,12203,3600000,295,295,https://hk.centanet.com/findproperty/transaction-detail/全輝中心_26070700290469
沙田區,新界,美柏苑,Mei Pak Court,2017,1,10917,4880000,447,447,https://hk.centanet.com/findproperty/transaction-detail/美柏苑_26070700450270
沙田區,新界,安信樓,On Shun Mansion (Building),1988,1,9620,3800000,395,395,https://hk.centanet.com/findproperty/transaction-detail/安信樓_26070600910010
沙田區,新界,欣廷軒,Prima Villa,2001,1,17458,7280000,417,417,https://hk.centanet.com/findproperty/transaction-detail/欣廷軒_26070300140038
沙田區,新界,嘉華星濤灣,La Costa,2004,1,14057,11400000,811,811,https://hk.centanet.com/findproperty/transaction-detail/嘉華星濤灣_26070301590094
沙田區,新界,壹號雲頂 2期 雲頂峰,Peak One Phase 2 Sky One,2010,1,13133,5450000,415,415,https://hk.centanet.com/findproperty/transaction-detail/壹號雲頂-2期-雲頂峰_26070301600095
沙田區,新界,曉翠山莊,Pristine Villa,1995,1,12301,10050000,817,817,https://hk.centanet.com/findproperty/transaction-detail/曉翠山莊_26070200060150
沙田區,新界,愉田苑,Yue Tin Court,1983,1,10704,6080000,568,568,https://hk.centanet.com/findproperty/transaction-detail/愉田苑_26070201050062
沙田區,新界,瑞峰花園,Julimount Garden,1987,1,9653,22000000,2279,2279,https://hk.centanet.com/findproperty/transaction-detail/瑞峰花園_26063000470211
沙田區,新界,錦豐苑,Kam Fung Court,2002,1,9156,4990000,545,545,https://hk.centanet.com/findproperty/transaction-detail/錦豐苑_26063001970155
沙田區,新界,顯徑邨,Hin Keng Estate,,1,6037,2300000,381,381,https://hk.centanet.com/findproperty/transaction-detail/顯徑邨_26063002920350
沙田區,新界,駿景園 2期,Royal Ascot Phase 2,1996,1,13474,14000000,1039,1039,https://hk.centanet.com/findproperty/transaction-detail/駿景園-2期_BNM202606S0570
沙田區,新界,富輝花園,Fu Fai Garden,1991,1,11111,5300000,477,477,https://hk.centanet.com/findproperty/transaction-detail/富輝花園_26062900220088
沙田區,新界,Silversands,Silversands,2022,1,16879,7680000,455,455,https://hk.centanet.com/findproperty/transaction-detail/Silversands_26062900220107
沙田區,新界,沙田第一城 3期,City One Shatin Site 3,1983,1,14339,4688888,327,327,https://hk.centanet.com/findproperty/transaction-detail/沙田第一城-3期_26062901000073
沙田區,新界,富嘉花園,Grandway Garden,1989,1,12676,5400000,426,426,https://hk.centanet.com/findproperty/transaction-detail/富嘉花園_26062600260088
沙田區,新界,皇御居,Kingston Lodge,2005,1,12680,12300000,970,970,https://hk.centanet.com/findproperty/transaction-detail/皇御居_26062600260098
沙田區,新界,星漣海,Seanorama,2018,1,14112,10880000,771,771,https://hk.centanet.com/findproperty/transaction-detail/星漣海_26062601300161
沙田區,新界,文禮閣,Man Lai Court,1993,1,11576,7200000,622,622,https://hk.centanet.com/findproperty/transaction-detail/文禮閣_26062601670010
沙田區,新界,柏翠小築,Juniper Villa,1984,1,8731,9080000,1040,1040,https://hk.centanet.com/findproperty/transaction-detail/柏翠小築_26062601850111
沙田區,新界,華翠園,Greenwood Terrace,1987,1,10771,9500000,882,882,https://hk.centanet.com/findproperty/transaction-detail/華翠園_26062602540544
葵青區,新界,明翹匯,The Grand Marine,2021,7,15552,4800000,299,587,https://hk.centanet.com/findproperty/transaction-detail/明翹匯_26072201670080
葵青區,新界,青怡花園,Tsing Yi Garden,1986,7,10969,5320000,343,547,https://hk.centanet.com/findproperty/transaction-detail/青怡花園_26072000110976
葵青區,新界,長安邨,Cheung On Estate,1987,6,7516,2594000,126,485,https://hk.centanet.com/findproperty/transaction-detail/長安邨_26072200780047
葵青區,新界,青華苑,Ching Wah Court,1986,6,8609,3700000,394,554,https://hk.centanet.com/findproperty/transaction-detail/青華苑_26071700460211
葵青區,新界,藍澄灣,Rambler Crest,2003,5,11232,7710000,485,690,https://hk.centanet.com/findproperty/transaction-detail/藍澄灣_26072301270010
葵青區,新界,翠怡花園 2期,Greenfield Garden Phase 2,1990,5,13082,5280000,368,451,https://hk.centanet.com/findproperty/transaction-detail/翠怡花園-2期_VHO202607S0175
葵青區,新界,青泰苑,Ching Tai Court,1988,5,10723,4700000,401,554,https://hk.centanet.com/findproperty/transaction-detail/青泰苑_26072000210280
葵青區,新界,華景山莊,Wonderland Villas,1986,4,9391,5590000,546,774,https://hk.centanet.com/findproperty/transaction-detail/華景山莊_26071701990015
葵青區,新界,美景花園,Mayfair Gardens,1982,4,10167,4060000,360,445,https://hk.centanet.com/findproperty/transaction-detail/美景花園_26071000920010
葵青區,新界,豐寓,Edition 178,2018,3,16872,4190000,243,322,https://hk.centanet.com/findproperty/transaction-detail/豐寓_PZT202607S0225
葵青區,新界,灝景灣 1期,Villa Esplanada Phase 1,1998,3,16336,10880000,658,826,https://hk.centanet.com/findproperty/transaction-detail/灝景灣-1期_26072300130102
葵青區,新界,悅麗苑,Yuet Lai Court,1980,3,8741,4128000,421,520,https://hk.centanet.com/findproperty/transaction-detail/悅麗苑_MEI202607S0188
葵青區,新界,雍雅軒,The Apex,2007,3,12766,6000000,450,559,https://hk.centanet.com/findproperty/transaction-detail/雍雅軒_26072000210271
葵青區,新界,青衣邨,Tsing Yi Estate,1986,3,5920,2220000,375,381,https://hk.centanet.com/findproperty/transaction-detail/青衣邨_26071702220330
葵青區,新界,盈翠半島 1期,Tierra Verde Phase 1,1999,3,18018,12180000,523,767,https://hk.centanet.com/findproperty/transaction-detail/盈翠半島-1期_26071702220516
葵青區,新界,新葵芳花園,New Kwai Fong Gardens,1983,3,13636,5700000,408,418,https://hk.centanet.com/findproperty/transaction-detail/新葵芳花園_26071500930403
葵青區,新界,嘉翠園,Greenknoll Court,1992,3,10531,5650000,465,546,https://hk.centanet.com/findproperty/transaction-detail/嘉翠園_26071501020011
葵青區,新界,寶星中心,Po Sing Centre,1984,3,11146,3620000,288,327,https://hk.centanet.com/findproperty/transaction-detail/寶星中心_26071300810080
葵青區,新界,海欣花園,Grand Horizon,2000,3,12627,6200000,491,511,https://hk.centanet.com/findproperty/transaction-detail/海欣花園_26071001740165
葵青區,新界,荔欣苑,Lai Yan Court,2001,3,9969,4650000,431,640,https://hk.centanet.com/findproperty/transaction-detail/荔欣苑_26070900440010
葵青區,新界,葵俊苑,Kwai Chun Court,1995,2,9550,5055000,401,645,https://hk.centanet.com/findproperty/transaction-detail/葵俊苑_26072100890042
葵青區,新界,青盛苑,Ching Shing Court,1985,2,8727,3325000,381,381,https://hk.centanet.com/findproperty/transaction-detail/青盛苑_26072100980153
葵青區,新界,盈翠半島 2期,Tierra Verde Phase 2,1999,2,17498,10475000,533,666,https://hk.centanet.com/findproperty/transaction-detail/盈翠半島-2期_26072001740013
葵青區,新界,瑞景大廈,Shui King Building,1974,2,7742,2640000,341,341,https://hk.centanet.com/findproperty/transaction-detail/瑞景大廈_26071702220305
葵青區,新界,灝景灣 2期,Villa Esplanada Phase 2,1999,2,16032,12350000,682,863,https://hk.centanet.com/findproperty/transaction-detail/灝景灣-2期_26071401670119
葵青區,新界,利和大廈,Lee Wo Building,1974,2,8175,2615000,310,329,https://hk.centanet.com/findproperty/transaction-detail/利和大廈_26071301810824
葵青區,新界,綠悠雅苑,Greenview Villa,2015,2,11664,5810000,449,539,https://hk.centanet.com/findproperty/transaction-detail/綠悠雅苑_26070900180022
葵青區,新界,偉景花園,Broadview Garden,1991,2,9101,4750000,504,550,https://hk.centanet.com/findproperty/transaction-detail/偉景花園_26070901870371
葵青區,新界,恆景花園,Hang King Garden,1996,2,13538,6537500,452,511,https://hk.centanet.com/findproperty/transaction-detail/恆景花園_26070801040028
葵青區,新界,誼發大廈,Yee Fat Building,1975,2,8342,2795000,290,379,https://hk.centanet.com/findproperty/transaction-detail/誼發大廈_26070600510195
葵青區,新界,昌偉大廈,Cheong Wai Mansion,1978,2,8458,4005000,459,489,https://hk.centanet.com/findproperty/transaction-detail/昌偉大廈_26070600530037
葵青區,新界,葵涌廣場,Kwai Chung Plaza,1990,2,15896,5055000,318,318,https://hk.centanet.com/findproperty/transaction-detail/葵涌廣場_26070601590058
葵青區,新界,荔灣花園,Laichikok Bay Garden,1977,2,9953,4285000,426,435,https://hk.centanet.com/findproperty/transaction-detail/荔灣花園_26070200140279
葵青區,新界,怡峰苑,Yi Fung Court,1999,1,9337,3800000,407,407,https://hk.centanet.com/findproperty/transaction-detail/怡峰苑_26072300020059
葵青區,新界,金石樓,Kam Shek Building,1973,1,6143,2500000,407,407,https://hk.centanet.com/findproperty/transaction-detail/金石樓_26072200440014
葵青區,新界,葵康苑,Kwai Hong Court,1993,1,10273,4900000,477,477,https://hk.centanet.com/findproperty/transaction-detail/葵康苑_26072201670463
葵青區,新界,葵涌大廈,Kwai Chung Building,1974,1,8219,3600000,438,438,https://hk.centanet.com/findproperty/transaction-detail/葵涌大廈_26072202100037
葵青區,新界,新葵興花園,Sun Kwai Hing Gardens,1983,1,12042,5780000,480,480,https://hk.centanet.com/findproperty/transaction-detail/新葵興花園_26072000380040
葵青區,新界,翠怡花園 3期,Greenfield Garden Phase 3,1990,1,14076,5180000,368,368,https://hk.centanet.com/findproperty/transaction-detail/翠怡花園-3期_26072000380077
葵青區,新界,德昌大廈,Tak Cheong Building,1974,1,6521,2830000,434,434,https://hk.centanet.com/findproperty/transaction-detail/德昌大廈_26071701580126
葵青區,新界,和記新邨,Hutchison Estate,1976,1,7796,2900000,372,372,https://hk.centanet.com/findproperty/transaction-detail/和記新邨_26071702220386
葵青區,新界,葵涌中心,Kwai Chung Centre,1978,1,10765,3800000,353,353,https://hk.centanet.com/findproperty/transaction-detail/葵涌中心_26071500760029
葵青區,新界,青雅苑,Ching Nga Court,1989,1,12495,6110000,489,489,https://hk.centanet.com/findproperty/transaction-detail/青雅苑_GJ5202606S0927
葵青區,新界,葵賢苑,Kwai Yin Court,1993,1,9177,3680000,401,401,https://hk.centanet.com/findproperty/transaction-detail/葵賢苑_26071301780243
葵青區,新界,長發邨,Cheung Fat Estate,1989,1,6501,2880000,443,443,https://hk.centanet.com/findproperty/transaction-detail/長發邨_26070901870140
葵青區,新界,葵豐樓,Kwai Fung House,1974,1,6479,3000000,463,463,https://hk.centanet.com/findproperty/transaction-detail/葵豐樓_26070901870244
葵青區,新界,葵芳閣,Kwai Fong Terrace,1984,1,11691,5530000,473,473,https://hk.centanet.com/findproperty/transaction-detail/葵芳閣_26070700590265
葵青區,新界,葵豐大廈,Kwai Fung Building,1973,1,8963,2420000,270,270,https://hk.centanet.com/findproperty/transaction-detail/葵豐大廈_26070601280023
葵青區,新界,月海灣,Horizon Place,2002,1,14829,6080000,410,410,https://hk.centanet.com/findproperty/transaction-detail/月海灣_26070601470037
葵青區,新界,月波樓,Yuet Bor Building,1974,1,8084,4050000,501,501,https://hk.centanet.com/findproperty/transaction-detail/月波樓_26070300160343
葵青區,新界,寬德大廈,Foon Tak Building,1977,1,10826,3800000,351,351,https://hk.centanet.com/findproperty/transaction-detail/寬德大廈_26070300560025
葵青區,新界,葵都大廈,Kwai Dao (Do) Building,1975,1,7831,2780000,355,355,https://hk.centanet.com/findproperty/transaction-detail/葵都大廈_26070200060418
葵青區,新界,翠怡花園 1期,Greenfield Garden Phase 1,1989,1,11306,5280000,467,467,https://hk.centanet.com/findproperty/transaction-detail/翠怡花園-1期_26063002380040
葵青區,新界,宜和樓,Yi Wo Building,1973,1,3966,1400000,353,353,https://hk.centanet.com/findproperty/transaction-detail/宜和樓_26062901950218
葵青區,新界,勝華大廈,Shing Wah Building,1974,1,9462,2460000,260,260,https://hk.centanet.com/findproperty/transaction-detail/勝華大廈_26062902500047
葵青區,新界,金祿樓,Kam Luk Building,1972,1,5605,2500000,446,446,https://hk.centanet.com/findproperty/transaction-detail/金祿樓_26062600650015
葵青區,新界,青富苑,Ching Fu Court,,1,8632,3280000,380,380,https://hk.centanet.com/findproperty/transaction-detail/青富苑_26062600790246
葵青區,新界,天安樓,Tin On House,1973,1,7022,2830000,403,403,https://hk.centanet.com/findproperty/transaction-detail/天安樓_26062600900065
葵青區,新界,宏福花園,Tivoli Garden,1995,1,13567,9660000,712,712,https://hk.centanet.com/findproperty/transaction-detail/宏福花園_26062602030128
離島區,新界,藍天海岸 1期,Coastal Skyline Phase 1,2002,7,11643,8400000,388,911,https://hk.centanet.com/findproperty/transaction-detail/藍天海岸-1期_26072300370123
離島區,新界,愉景灣 5期頤峰,Discovery Bay Phase 5-Greenvale Village,1990,5,8428,6300000,439,947,https://hk.centanet.com/findproperty/transaction-detail/愉景灣-5期頤峰_26072200410025
離島區,新界,昇薈,The Visionary,2015,5,11429,10800000,670,1221,https://hk.centanet.com/findproperty/transaction-detail/昇薈_26071501420017
離島區,新界,映灣園 1期 賞濤軒,Caribbean Coast Phase 1 Monterey Cove,2002,4,10138,6490000,495,971,https://hk.centanet.com/findproperty/transaction-detail/映灣園-1期-賞濤軒_26071700220133
離島區,新界,愉景灣 12期 海澄湖畔二段,Discovery Bay Phase 12 Siena Two,2002,4,8902,6590000,600,860,https://hk.centanet.com/findproperty/transaction-detail/愉景灣-12期-海澄湖畔二段_26071601730078
離島區,新界,東環 2期,Century Link Phase 2,2016,4,12930,6209000,384,645,https://hk.centanet.com/findproperty/transaction-detail/東環-2期_26071500960078
離島區,新界,東堤灣畔 2期,Tung Chung Crescent Phase 2,1999,4,10764,7984000,527,868,https://hk.centanet.com/findproperty/transaction-detail/東堤灣畔-2期_26070900180018
離島區,新界,愉景灣 10期 時峰,Discovery Bay Phase 10 Neo Horizon,2000,3,8793,5100000,534,1213,https://hk.centanet.com/findproperty/transaction-detail/愉景灣-10期-時峰_DBB202607S0196
離島區,新界,藍天海岸 4期 水藍‧天岸,Coastal Skyline Phase 4 Le Bleu Deux,2007,3,13614,10000000,563,880,https://hk.centanet.com/findproperty/transaction-detail/藍天海岸-4期-水藍‧天岸_26071700250012
離島區,新界,映灣園 3期 悅濤軒,Caribbean Coast Phase 3 Carmel Cove,2005,3,10654,7900000,563,749,https://hk.centanet.com/findproperty/transaction-detail/映灣園-3期-悅濤軒_26071701230031
離島區,新界,愉景灣 13期 尚堤,Discovery Bay Phase 13 Chianti,2006,3,9249,9200000,781,1730,https://hk.centanet.com/findproperty/transaction-detail/愉景灣-13期-尚堤_26071501520059
離島區,新界,裕東苑,Yu Tung Court,1997,3,7813,4180000,535,639,https://hk.centanet.com/findproperty/transaction-detail/裕東苑_26071300520024
離島區,新界,愉景灣 14期 津堤,Discovery Bay Phase 14 Amalfi,2011,2,9906,5200000,523,527,https://hk.centanet.com/findproperty/transaction-detail/愉景灣-14期-津堤_DBB202607S0238
離島區,新界,映灣園 4期 聽濤軒,Caribbean Coast Phase 4 Crystal Cove,2006,2,11154,6175000,544,563,https://hk.centanet.com/findproperty/transaction-detail/映灣園-4期-聽濤軒_NCR1202607S0070
離島區,新界,映灣園 2期 映濤軒,Caribbean Coast Phase 2 Albany Cove,2004,2,10710,6895000,548,737,https://hk.centanet.com/findproperty/transaction-detail/映灣園-2期-映濤軒_26072000111110
離島區,新界,藍天海岸 3期 影岸‧紅,Coastal Skyline Phase 3 La Rossa,2006,2,12498,6634000,441,638,https://hk.centanet.com/findproperty/transaction-detail/藍天海岸-3期-影岸‧紅_26072000111183
離島區,新界,東環 1期,Century Link Phase 1,2016,2,13136,6345000,483,483,https://hk.centanet.com/findproperty/transaction-detail/東環-1期_26071702100026
離島區,新界,愉景灣 8期海堤居,Discovery Bay Phase 8-La Costa,1995,2,14060,13090000,439,1183,https://hk.centanet.com/findproperty/transaction-detail/愉景灣-8期海堤居_DBC202607S0028
離島區,新界,愉景灣 3期康慧台,Discovery Bay Phase 3-Hillgrove Village,1988,2,9476,5600000,591,591,https://hk.centanet.com/findproperty/transaction-detail/愉景灣-3期康慧台_26070702160014
離島區,新界,愉景灣 15期 悅堤,Discovery Bay Phase 15 Positano,2011,2,15852,25740000,1470,1760,https://hk.centanet.com/findproperty/transaction-detail/愉景灣-15期-悅堤_26070600200053
離島區,新界,愉景灣 2期畔峰,Discovery Bay Phase 2-Midvale Village,1985,1,7502,8680000,1157,1157,https://hk.centanet.com/findproperty/transaction-detail/愉景灣-2期畔峰_26072300100388
離島區,新界,卓濤軒,Scenic Crest,1996,1,9831,3480000,354,354,https://hk.centanet.com/findproperty/transaction-detail/卓濤軒_26072100650268
離島區,新界,愉景灣 4期蘅峰碧濤軒,Discovery Bay Phase 4-Peninsula Vl Coastline,1996,1,8760,11800000,1347,1347,https://hk.centanet.com/findproperty/transaction-detail/愉景灣-4期蘅峰碧濤軒_26072101390021
離島區,新界,銀河苑,Ngan Ho Court,2018,1,4308,1650000,383,383,https://hk.centanet.com/findproperty/transaction-detail/銀河苑_26071601720018
離島區,新界,裕泰苑,Yu Tai Court,2020,1,7168,2000000,279,279,https://hk.centanet.com/findproperty/transaction-detail/裕泰苑_26071401050062
離島區,新界,海堤灣畔,Seaview Crescent,2002,1,10638,6000000,564,564,https://hk.centanet.com/findproperty/transaction-detail/海堤灣畔_26071300760029
離島區,新界,金銀灣,Treasure Bay,1982,1,5833,1750000,300,300,https://hk.centanet.com/findproperty/transaction-detail/金銀灣_26070800190011
離島區,新界,愉景灣 1期碧濤海馬徑,Discovery Bay Phase 1-Beach Vil. Seahorse Lane,1982,1,11930,13350000,1119,1119,https://hk.centanet.com/findproperty/transaction-detail/愉景灣-1期碧濤海馬徑_26070800260030
離島區,新界,愉景灣 4期蘅峰蘅安徑,Discovery Bay Phase 4-Peninsula Vl Capeland,1992,1,8073,4400000,545,545,https://hk.centanet.com/findproperty/transaction-detail/愉景灣-4期蘅峰蘅安徑_DBC202606S0400
離島區,新界,澄碧邨,Sea Ranch,1979,1,2297,1500000,653,653,https://hk.centanet.com/findproperty/transaction-detail/澄碧邨_26070701300043
離島區,新界,愉景灣 3期寶峰,Discovery Bay Phase 3-Parkvale Village,1988,1,8673,8500000,980,980,https://hk.centanet.com/findproperty/transaction-detail/愉景灣-3期寶峰_26070701410158
離島區,新界,愉景灣 4期蘅峰蘅欣徑,Discovery Bay Phase 4-Peninsula Vl Caperidge,1990,1,8468,11550000,1364,1364,https://hk.centanet.com/findproperty/transaction-detail/愉景灣-4期蘅峰蘅欣徑_26070300990013
離島區,新界,愉景灣 7期海寧居,Discovery Bay Phase 7-La Vista,1994,1,9112,4000000,439,439,https://hk.centanet.com/findproperty/transaction-detail/愉景灣-7期海寧居_26062900290026
西貢區,新界,日出康城 2期B 領峰,Lohas Park Phase 2B Le Prime,2011,10,11554,8384000,680,985,https://hk.centanet.com/findproperty/transaction-detail/日出康城-2期B-領峰_26072301960094
西貢區,新界,日出康城 2期C 領凱,Lohas Park Phase 2C La Splendeur,2012,9,10789,7680000,602,835,https://hk.centanet.com/findproperty/transaction-detail/日出康城-2期C-領凱_26072102140642
西貢區,新界,清水灣半島 2期,Oscar By The Sea Phase 2,2002,9,13098,6850000,481,684,https://hk.centanet.com/findproperty/transaction-detail/清水灣半島-2期_EPD202607S0104
西貢區,新界,新都城 2期,The Metro City Phase 2,2000,9,15506,6650000,363,735,https://hk.centanet.com/findproperty/transaction-detail/新都城-2期_26072000111057
西貢區,新界,日出康城 1期 首都,Lohas Park Phase 1 The Capitol,2008,8,11135,7850000,680,729,https://hk.centanet.com/findproperty/transaction-detail/日出康城-1期-首都_EBM202607S0222
西貢區,新界,天晉 天晉,The Wings The Wings,2011,8,19935,12300000,527,874,https://hk.centanet.com/findproperty/transaction-detail/天晉-天晉_KTY2202607S0090
西貢區,新界,日出康城 4期A 晉海,Lohas Park Phase 4A Wings At Sea,2018,8,14822,7300000,340,842,https://hk.centanet.com/findproperty/transaction-detail/日出康城-4期A-晉海_W0R202607S0237
西貢區,新界,將軍澳中心 2期,Park Central Phase 2,2003,8,16292,8025000,384,674,https://hk.centanet.com/findproperty/transaction-detail/將軍澳中心-2期_KEW3202607S0005
西貢區,新界,新都城 1期,Metro City Phase 1,1996,8,15704,6975000,364,526,https://hk.centanet.com/findproperty/transaction-detail/新都城-1期_26072101770031
西貢區,新界,維景灣畔 3期,Ocean Shores Phase 3,2003,8,16800,9740000,405,757,https://hk.centanet.com/findproperty/transaction-detail/維景灣畔-3期_BFR202606S0875
西貢區,新界,日出康城 3期A 緻藍天,Lohas Park Phase 3A Hemera,2014,8,12758,9825000,757,806,https://hk.centanet.com/findproperty/transaction-detail/日出康城-3期A-緻藍天_26071301370228
西貢區,新界,海茵莊園,Manor Hill,2022,7,16389,4620000,205,291,https://hk.centanet.com/findproperty/transaction-detail/海茵莊園_LFY202607S0077
西貢區,新界,峻瀅 II,The Beaumount II,2016,7,12897,6650000,503,757,https://hk.centanet.com/findproperty/transaction-detail/峻瀅-II_26072000290028
西貢區,新界,日出康城 5期A Malibu,Lohas Park Phase 5A Malibu,2019,6,15245,8830000,551,1087,https://hk.centanet.com/findproperty/transaction-detail/日出康城-5期A-Malibu_O38202607S0216
西貢區,新界,日出康城 6期 Lp6,Lohas Park Phase 6 Lp6,2020,5,15403,6500000,307,729,https://hk.centanet.com/findproperty/transaction-detail/日出康城-6期-LP6_EZW202607S0210
西貢區,新界,安寧花園,On Ning Garden,1990,5,10925,5080000,431,583,https://hk.centanet.com/findproperty/transaction-detail/安寧花園_26072300130098
西貢區,新界,峻瀅 1期,The Beaumount Phase 1,2013,5,11834,6380000,498,752,https://hk.centanet.com/findproperty/transaction-detail/峻瀅-1期_26072301180036
西貢區,新界,Savannah,Savannah,2017,5,17966,12720000,375,708,https://hk.centanet.com/findproperty/transaction-detail/Savannah_KTY2202605S0291
西貢區,新界,新寶城,La Cite Noble,1999,5,14921,6100000,377,636,https://hk.centanet.com/findproperty/transaction-detail/新寶城_26072200260153
西貢區,新界,日出康城 4期B 晉海ll,Lohas Park Phase 4B Wings At Sea II,2018,5,14843,7080000,343,629,https://hk.centanet.com/findproperty/transaction-detail/日出康城-4期B-晉海II_26072201890014
西貢區,新界,東港城,East Point City,1997,4,13436,7635000,466,623,https://hk.centanet.com/findproperty/transaction-detail/東港城_EZW202607S0245
西貢區,新界,寶林邨,Po Lam Estate,,4,5124,1819000,349,381,https://hk.centanet.com/findproperty/transaction-detail/寶林邨_GJ3202607S0045
西貢區,新界,景林邨,King Lam Estate,,4,7108,2600000,164,489,https://hk.centanet.com/findproperty/transaction-detail/景林邨_26072300230219
西貢區,新界,日出康城 9期A Marini,Lohas Park Phase 9A Marini,2021,4,15838,7685000,370,522,https://hk.centanet.com/findproperty/transaction-detail/日出康城-9期A-Marini_26072300810178
西貢區,新界,將軍澳廣場 1期,Tseung Kwan O Plaza Phase 1,2003,4,16183,7190000,442,538,https://hk.centanet.com/findproperty/transaction-detail/將軍澳廣場-1期_KLH2202607S0036
西貢區,新界,景明苑,King Ming Court,1988,4,7682,3550000,401,554,https://hk.centanet.com/findproperty/transaction-detail/景明苑_26072202050239
西貢區,新界,日出康城 9期C Ocean Marini,Lohas Park Phase 9C Ocean Marini,2021,4,15690,9665000,616,1061,https://hk.centanet.com/findproperty/transaction-detail/日出康城-9期C-Ocean-Marini_KTA202606S0694
西貢區,新界,天晉 II,The Wings II,2014,4,18549,12100000,549,1003,https://hk.centanet.com/findproperty/transaction-detail/天晉-II_26072001810204
西貢區,新界,富康花園,Beverly Garden,1998,4,10016,4890000,431,592,https://hk.centanet.com/findproperty/transaction-detail/富康花園_26071601530121
西貢區,新界,怡心園,Serenity Place,1999,4,10321,6305000,497,656,https://hk.centanet.com/findproperty/transaction-detail/怡心園_26071400860012
西貢區,新界,蔚藍灣畔,Residence Oasis,2004,4,16618,12490000,490,802,https://hk.centanet.com/findproperty/transaction-detail/蔚藍灣畔_26071400860375
西貢區,新界,廣明苑,Kwong Ming Court,1998,4,8696,5044000,535,646,https://hk.centanet.com/findproperty/transaction-detail/廣明苑_26070700540300
西貢區,新界,都會駅 2期 城中駅,Metro Town Phase 2 Le Point,2007,4,15580,8875000,503,651,https://hk.centanet.com/findproperty/transaction-detail/都會駅-2期-城中駅_26070702050397
西貢區,新界,維景灣畔 1期,Ocean Shores Phase 1,2000,3,16834,8490000,398,515,https://hk.centanet.com/findproperty/transaction-detail/維景灣畔-1期_KWK1202607S0055
西貢區,新界,寶盈花園,Bauhinia Garden,2001,3,11322,5480000,431,484,https://hk.centanet.com/findproperty/transaction-detail/寶盈花園_JJA202606S0758
西貢區,新界,日出康城 8期 Sea To Sky,Lohas Park Phase 8 Sea To Sky,2021,3,15511,10950000,481,753,https://hk.centanet.com/findproperty/transaction-detail/日出康城-8期-Sea-To-Sky_KOK1202607S0098
西貢區,新界,Monterey,Monterey,2018,3,17534,9900000,365,759,https://hk.centanet.com/findproperty/transaction-detail/Monterey_26072200370019
西貢區,新界,彩明苑,Choi Ming Court,2001,3,9881,5100000,506,650,https://hk.centanet.com/findproperty/transaction-detail/彩明苑_26072200540542
西貢區,新界,新都城 3期 都會豪庭,The Metro City Phase 3 The Metropolis,1999,3,14945,8000000,470,631,https://hk.centanet.com/findproperty/transaction-detail/新都城-3期-都會豪庭_JKZ202607S0152
西貢區,新界,日出康城 9期B Grand Marini,Lohas Park Phase 9B Grand Marini,2021,3,15385,8400000,546,785,https://hk.centanet.com/findproperty/transaction-detail/日出康城-9期B-Grand-Marini_26072101290135
西貢區,新界,海翩滙,The Papillons,2018,3,16380,9500000,512,884,https://hk.centanet.com/findproperty/transaction-detail/海翩滙_26071701090069
西貢區,新界,將軍澳中心 1期,Park Central Phase 1,2002,3,16430,7500000,437,677,https://hk.centanet.com/findproperty/transaction-detail/將軍澳中心-1期_26071500270199
西貢區,新界,天晉 IIIA,The Wings IIIA,2016,3,16972,11600000,654,699,https://hk.centanet.com/findproperty/transaction-detail/天晉-IIIA_26071500960088
西貢區,新界,日出康城 2期A 領都,Lohas Park Phase 2A Le Prestige,2010,3,11099,8515000,677,980,https://hk.centanet.com/findproperty/transaction-detail/日出康城-2期A-領都_D2Z202606S0832
西貢區,新界,慧安園,Well On Garden,1994,3,13842,5180000,354,502,https://hk.centanet.com/findproperty/transaction-detail/慧安園_26070801810036
西貢區,新界,Capri,Capri,2017,2,17208,9205000,532,538,https://hk.centanet.com/findproperty/transaction-detail/Capri_KCM7202607S0037
西貢區,新界,叠翠軒,The Pinnacle,1998,2,12236,6465000,452,614,https://hk.centanet.com/findproperty/transaction-detail/叠翠軒_26072301600034
西貢區,新界,煜明苑,Yuk Ming Court,1996,2,8438,4125000,440,546,https://hk.centanet.com/findproperty/transaction-detail/煜明苑_26072301840355
西貢區,新界,藍塘傲,Alto Residences,2018,2,16556,8435000,389,622,https://hk.centanet.com/findproperty/transaction-detail/藍塘傲_NFQ202607S0174
西貢區,新界,君傲灣,The Grandiose,2006,2,15748,10140000,618,668,https://hk.centanet.com/findproperty/transaction-detail/君傲灣_26072100270069
西貢區,新界,維景灣畔 2期,Ocean Shores Phase 2,2001,2,17130,9625000,484,639,https://hk.centanet.com/findproperty/transaction-detail/維景灣畔-2期_26072102140630
西貢區,新界,富寧花園,Fu Ning Garden,1990,2,9196,5444000,592,592,https://hk.centanet.com/findproperty/transaction-detail/富寧花園_26072001220014
西貢區,新界,唐明苑,Tong Ming Court,1999,2,8702,4525000,429,634,https://hk.centanet.com/findproperty/transaction-detail/唐明苑_26071701860280
西貢區,新界,日出康城 7期A Montara,Lohas Park Phase 7A Montara,2021,2,15633,6585000,363,481,https://hk.centanet.com/findproperty/transaction-detail/日出康城-7期A-Montara_26071702180048
西貢區,新界,翠林邨,Tsui Lam Estate,,2,6819,2380000,349,349,https://hk.centanet.com/findproperty/transaction-detail/翠林邨_26071600900045
西貢區,新界,雍明苑,Yung Ming Court,2020,2,10786,3069000,282,287,https://hk.centanet.com/findproperty/transaction-detail/雍明苑_26071500870023
西貢區,新界,將軍澳中心 3期,Park Central Phase 3,2005,2,16693,10650000,638,638,https://hk.centanet.com/findproperty/transaction-detail/將軍澳中心-3期_26071401600187
西貢區,新界,茵怡花園,Verbena Heights,1997,2,10588,4575000,348,564,https://hk.centanet.com/findproperty/transaction-detail/茵怡花園_26071401870111
西貢區,新界,日出康城 10期 LP10,Lohas Park Phase 10 Lp10,2022,2,17118,16980000,797,1206,https://hk.centanet.com/findproperty/transaction-detail/日出康城-10期-LP10_26070800180572
西貢區,新界,天晉 IIIB,The Wings IIIB,2016,2,19406,16575000,833,879,https://hk.centanet.com/findproperty/transaction-detail/天晉-IIIB_26070801460243
西貢區,新界,日出康城 7期B Grand Montara,Lohas Park Phase 7B Grand Montara,2021,2,15875,9255000,366,789,https://hk.centanet.com/findproperty/transaction-detail/日出康城-7期B-Grand-Montara_26070601050191
西貢區,新界,天晉 海天晉,The Wings Ocean Wings,2017,1,18614,6850000,368,368,https://hk.centanet.com/findproperty/transaction-detail/天晉-海天晉_26072300120687
西貢區,新界,西貢花園,Sai Kung Garden,1991,1,9825,5600000,570,570,https://hk.centanet.com/findproperty/transaction-detail/西貢花園_26072000240157
西貢區,新界,匡湖居 2期,Marina Cove Phase 2,1985,1,14588,20000000,1371,1371,https://hk.centanet.com/findproperty/transaction-detail/匡湖居-2期_26072001170013
西貢區,新界,日出康城 12期B Park Seasons,Lohas Park Phase 12B Park Seasons,2025,1,16230,8050000,496,496,https://hk.centanet.com/findproperty/transaction-detail/日出康城-12期B-Park-Seasons_YTT202607S0060
西貢區,新界,南豐廣場,Nan Fung Plaza,1999,1,14797,6200000,419,419,https://hk.centanet.com/findproperty/transaction-detail/南豐廣場_26071701260372
西貢區,新界,寶明苑,Po Ming Court,1998,1,9382,3950000,421,421,https://hk.centanet.com/findproperty/transaction-detail/寶明苑_26071500220385
西貢區,新界,逸瓏園,The Mediterranean,2017,1,12066,8000000,663,663,https://hk.centanet.com/findproperty/transaction-detail/逸瓏園_26071501100187
西貢區,新界,清水灣大廈,Clear Water Bay Apartments,1963,1,8308,19000000,2287,2287,https://hk.centanet.com/findproperty/transaction-detail/清水灣大廈_26071301130033
西貢區,新界,The Parkside,The Parkside,2015,1,18701,9500000,508,508,https://hk.centanet.com/findproperty/transaction-detail/The-Parkside_26071301810587
西貢區,新界,清水灣半島 1期,Oscar By The Sea Phase 1,2001,1,12956,13500000,1042,1042,https://hk.centanet.com/findproperty/transaction-detail/清水灣半島-1期_26071000710041
西貢區,新界,帝景灣,Corinthia By The Sea,2016,1,16978,10000000,589,589,https://hk.centanet.com/findproperty/transaction-detail/帝景灣_26070900700269
西貢區,新界,康盛花園,Hong Sing Gardens,1989,1,7759,4570000,589,589,https://hk.centanet.com/findproperty/transaction-detail/康盛花園_26070900700379
西貢區,新界,傲瀧,Mount Pavilia,2016,1,12543,14700000,1172,1172,https://hk.centanet.com/findproperty/transaction-detail/傲瀧_26070800210267
西貢區,新界,雄愉花園,Hunlicar Garden,1988,1,3786,7500000,1981,1981,https://hk.centanet.com/findproperty/transaction-detail/雄愉花園_26070700060016
西貢區,新界,曉嵐閣,Hillview Court,1999,1,9708,13018000,1341,1341,https://hk.centanet.com/findproperty/transaction-detail/曉嵐閣_26070600570308
西貢區,新界,裕明苑,Yu Ming Court,1994,1,7249,3900000,538,538,https://hk.centanet.com/findproperty/transaction-detail/裕明苑_26070601080182
西貢區,新界,將軍澳廣場 2期,Tseung Kwan O Plaza Phase 2,2003,1,17302,7630000,441,441,https://hk.centanet.com/findproperty/transaction-detail/將軍澳廣場-2期_26063001990010
西貢區,新界,匡湖居 5期,Marina Cove Phase 5,1985,1,16003,22500000,1406,1406,https://hk.centanet.com/findproperty/transaction-detail/匡湖居-5期_26063002430076
西貢區,新界,嘉悅,Twin Peaks,2016,1,15686,5600000,357,357,https://hk.centanet.com/findproperty/transaction-detail/嘉悅_26063002441204
西貢區,新界,頌明苑,Chung Ming Court,1993,1,11920,4780000,401,401,https://hk.centanet.com/findproperty/transaction-detail/頌明苑_26062600211113
